"Ward","Division","Address","Location","Building.Code","Parking.Code","full_addr"
1,1,"1501 S 10TH ST","ANNUNCIATION CHURCH","B","N","1501 S 10TH ST PHILADELPHIA, PA"
1,3,"1430 E PASSYUNK AVE","SO PHILA OLDER ADULT CENTER","F","L","1430 E PASSYUNK AVE PHILADELPHIA, PA"
1,4,"1736 S 10TH ST","SS NEUMANN GORETTI HIGH SCHOOL","A","L","1736 S 10TH ST PHILADELPHIA, PA"
1,6,"3RD & MIFFLIN STS","FURNESS SCHOOL","R","N","3RD & MIFFLIN STS PHILADELPHIA, PA"
1,7,"6TH & SNYDER AVE","FORD RECREATION CENTER","F","N","6TH & SNYDER AVE PHILADELPHIA, PA"
1,11,"1200 WHARTON ST","COLUMBUS SQUARE REC CENTER","F","N","1200 WHARTON ST PHILADELPHIA, PA"
1,12,"641 REED ST","CHOBERT DECORATORS GARAGE","M","N","641 REED ST PHILADELPHIA, PA"
1,13,"410 WHARTON ST","MT MORIAH CHURCH","M","N","410 WHARTON ST PHILADELPHIA, PA"
1,14,"4TH & TASKER STS","DICKINSON SQUARE REC CENTER","F","L","4TH & TASKER STS PHILADELPHIA, PA"
1,17,"250 REED ST","HERRON RECREATION CENTER","M","N","250 REED ST PHILADELPHIA, PA"
1,18,"1728 S 02ND ST","OREGON NEW YEARS ASSOC","F","N","1728 S 02ND ST PHILADELPHIA, PA"
2,1,"200 WASHINGTON AVE","MUMMERS MUSEUM","B","N","200 WASHINGTON AVE PHILADELPHIA, PA"
2,2,"212 WASHINGTON AVE","FIRE ENGINE CO # 03","B","L","212 WASHINGTON AVE PHILADELPHIA, PA"
2,3,"612-32 WASHINGTON AVE","SAIGON MAXIM RESTAURANT","M","L","612-32 WASHINGTON AVE PHILADELPHIA, PA"
2,5,"1013 ELLSWORTH ST","ST MARONS CHURCH","M","L","1013 ELLSWORTH ST PHILADELPHIA, PA"
2,9,"12TH & CARPENTER STS","HAWTHORNE RECREATION CENTER","M","N","12TH & CARPENTER STS PHILADELPHIA, PA"
2,11,"928 S 7TH ST","SANTORE (SOUTHWARK) LIBRARY","A","N","928 S 7TH ST PHILADELPHIA, PA"
2,13,"1021 S 04TH ST","ACTIVITIES CTR @ THE TOWER","F","L","1021 S 04TH ST PHILADELPHIA, PA"
2,15,"242 FITZWATER ST","ST STANISLAUS PARISH HALL","M","L","242 FITZWATER ST PHILADELPHIA, PA"
2,16,"Queen and Lawrence Sts","WECCACOE RECREATION CENTER","M","N","QUEEN AND LAWRENCE STS PHILADELPHIA, PA"
2,17,"719 CATHARINE ST","FLEISHER ART MEMORIAL","R","L","719 CATHARINE ST PHILADELPHIA, PA"
2,18,"9TH & BAINBRIDGE STS","PALUMBO RECREATION CENTER","F","N","9TH & BAINBRIDGE STS PHILADELPHIA, PA"
2,19,"11TH & CATHARINE STS","ACADEMY AT PALUMBO SCHOOL","M","N","11TH & CATHARINE STS PHILADELPHIA, PA"
2,20,"711 S BROAD ST","FIREHOUSE","M","N","711 S BROAD ST PHILADELPHIA, PA"
3,1,"58TH & WALNUT STS","SAYRE SCHOOL","M","L","58TH & WALNUT STS PHILADELPHIA, PA"
3,2,"6224 MARKET ST","MEMORIAL GOSPEL CHURCH","R","L","6224 MARKET ST PHILADELPHIA, PA"
3,3,"6212 WALNUT ST","CARE PAVILION","A","L","6212 WALNUT ST PHILADELPHIA, PA"
3,5,"5843 SPRUCE ST","TABERNACLE LUTHERAN CHURCH","M","N","5843 SPRUCE ST PHILADELPHIA, PA"
3,6,"286 S 62ND ST","GARAGE/OFFICE","R","N","286 S 62ND ST PHILADELPHIA, PA"
3,8,"6150 CEDAR AVE","CHRISTIAN COMPASSION CDC","F","L","6150 CEDAR AVE PHILADELPHIA, PA"
3,10,"500 S 61ST ST","CHRIST OF CALVARY CHURCH","M","N","500 S 61ST ST PHILADELPHIA, PA"
3,11,"61ST & COBBS CREEK PKWY","ANDERSON SCHOOL","F","L","61ST & COBBS CREEK PKWY PHILADELPHIA, PA"
3,12,"60TH & CEDAR AVE","BRYANT SCHOOL","M","L","60TH & CEDAR AVE PHILADELPHIA, PA"
3,17,"59TH & BALTIMORE AVE","BLANCHE NIXON LIBRARY","F","L","59TH & BALTIMORE AVE PHILADELPHIA, PA"
3,19,"5841 CATHARINE ST","SHARON BAPTIST COMMUNITY CTR","F","L","5841 CATHARINE ST PHILADELPHIA, PA"
3,20,"58TH & WILLOWS AVE","LONGSTRETH SCHOOL","F","L","58TH & WILLOWS AVE PHILADELPHIA, PA"
3,21,"58TH & KINGSESSING AVE","FRANCIS MYERS REC CENTER","A","L","58TH & KINGSESSING AVE PHILADELPHIA, PA"
4,1,"5501 MARKET ST","SALVATION ARMY","M","L","5501 MARKET ST PHILADELPHIA, PA"
4,2,"5620 WYALUSING AVE","CAMPHOR MEMORIAL U M CHURCH","F","L","5620 WYALUSING AVE PHILADELPHIA, PA"
4,4,"53RD & MEDIA STS","CONESTOGA COMM REC CENTER","F","L","53RD & MEDIA STS PHILADELPHIA, PA"
4,5,"54TH & LANSDOWNE AVE","HESTON SCHOOL","F","N","54TH & LANSDOWNE AVE PHILADELPHIA, PA"
4,6,"59TH & OXFORD STS","OVERBROOK HIGH SCHOOL","M","L","59TH & OXFORD STS PHILADELPHIA, PA"
4,8,"5600 RACE ST","MAHLON LEWIS APTS","M","L","5600 RACE ST PHILADELPHIA, PA"
4,9,"659 N 56TH ST","CHURCH PROPERTY","M","N","659 N 56TH ST PHILADELPHIA, PA"
4,10,"58TH & MEDIA STS","UNIVERSAL BLUFORD CHARTER","M","N","58TH & MEDIA STS PHILADELPHIA, PA"
4,11,"1540-52 N 56TH ST","TRUTH MEMORIAL CHURCH","F","L","1540-52 N 56TH ST PHILADELPHIA, PA"
4,12,"5732 RACE ST","MT CARMEL BAPTIST CHURCH","F","N","5732 RACE ST PHILADELPHIA, PA"
4,13,"230 N 57TH ST","ST MATTHEWS MANOR","F","L","230 N 57TH ST PHILADELPHIA, PA"
4,14,"5543 HAVERFORD AVE","HAVERFORD BRANCH LIBRARY","F","N","5543 HAVERFORD AVE PHILADELPHIA, PA"
4,18,"1536 N 59TH ST","SWEET UNION BAPTIST CHURCH","M","N","1536 N 59TH ST PHILADELPHIA, PA"
4,19,"59TH & RACE STS","BARRY SCHOOL","M","N","59TH & RACE STS PHILADELPHIA, PA"
5,1,"261 ST JAMES PLACE","SOCIETY HILL TOWERS COMM ROOM","F","N","261 ST JAMES PLACE PHILADELPHIA, PA"
5,2,"401 LOMBARD ST","OLD PINE ST COMM CENTER","M","N","401 LOMBARD ST PHILADELPHIA, PA"
5,3,"6TH & WASHINGTON SQ","HOPKINSON HOUSE","B","L","6TH & WASHINGTON SQ PHILADELPHIA, PA"
5,4,"6TH & LOMBARD STS","STARR GARDEN RECREATION CENTER","F","N","6TH & LOMBARD STS PHILADELPHIA, PA"
5,5,"256 S 08TH ST","GREEK ORTHODOX CHURCH","R","N","256 S 08TH ST PHILADELPHIA, PA"
5,6,"1020 LOCUST ST","THE ATRIUM @ TJU HOSPITAL","F","N","1020 LOCUST ST PHILADELPHIA, PA"
5,7,"1315 SPRUCE ST","WILLIAM WAY COMMUNITY CENTER","M","N","1315 SPRUCE ST PHILADELPHIA, PA"
5,8,"10TH & LOMBARD STS","SEGER RECREATION CENTER","F","N","10TH & LOMBARD STS PHILADELPHIA, PA"
5,9,"330 S 13TH ST","CHURCH OF ST LUKE AND EPIPHANY","F","N","330 S 13TH ST PHILADELPHIA, PA"
5,10,"3  N CHRIS COLUMBUS BLVD","PIER 3 PENNS LANDING","M","L","3  N CHRIS COLUMBUS BLVD PHILADELPHIA, PA"
5,11,"950 WALNUT ST","BARRINGER RESIDENCE LOUNGE","F","L","950 WALNUT ST PHILADELPHIA, PA"
5,13,"225 N 10TH ST","CHINESE CHURCH & CHRISTIAN CTR","M","N","225 N 10TH ST PHILADELPHIA, PA"
5,14,"401 S BROAD STREET","UNIVERSITY OF THE ARTS BLDG","A","N","401 S BROAD STREET PHILADELPHIA, PA"
5,15,"4TH & GEORGE STS","BODINE H.S. FOR INTNTL AFFAIRS","A","N","4TH & GEORGE STS PHILADELPHIA, PA"
5,16,"330 RACE ST","OLD FIRST REFORMED CHURCH","R","N","330 RACE ST PHILADELPHIA, PA"
5,18,"409 S 2ND ST","SOCIETY HILL DANCE ACADEMY","A","N","409 S 2ND ST PHILADELPHIA, PA"
5,19,"7TH & DELANCEY STS","MC CALL SCHOOL","M","N","7TH & DELANCEY STS PHILADELPHIA, PA"
5,20,"600 W GIRARD AVE","RODRIGUEZ BRANCH LIBRARY","B","N","600 W GIRARD AVE PHILADELPHIA, PA"
5,21,"700 N 3RD ST","NORTHERN LIBERTIES ASSOC","A","N","700 N 3RD ST PHILADELPHIA, PA"
5,22,"509 S BROAD ST","PHILADELPHIA SENIOR CENTER","F","N","509 S BROAD ST PHILADELPHIA, PA"
5,23,"6TH & FAIRMOUNT AVE","KEARNEY SCHOOL","F","N","6TH & FAIRMOUNT AVE PHILADELPHIA, PA"
5,25,"1023 CALLOWHILL ST","F.A.C.T.CHARTER SCHOOL","B","N","1023 CALLOWHILL ST PHILADELPHIA, PA"
5,27,"230 VINE ST","THE PAINTED BRIDE","B","N","230 VINE ST PHILADELPHIA, PA"
6,1,"43RD & MARKET STS","FIRE ENGINE CO # 05","M","L","43RD & MARKET STS PHILADELPHIA, PA"
6,2,"4400 FAIRMOUNT AVE","ANGELA COURT NURSING HOME","F","H","4400 FAIRMOUNT AVE PHILADELPHIA, PA"
6,3,"642 N 41ST ST","SHEPARD SENIOR CENTER","F","L","642 N 41ST ST PHILADELPHIA, PA"
6,4,"4445 HOLDEN ST","WEST PARK HOMES (PHA)","F","L","4445 HOLDEN ST PHILADELPHIA, PA"
6,6,"46TH & HAVERFORD AVE","LOCKE SCHOOL","F","L","46TH & HAVERFORD AVE PHILADELPHIA, PA"
6,8,"4400 ASPEN ST","MARTHA WASHINGTON SCHOOL","M","L","4400 ASPEN ST PHILADELPHIA, PA"
6,9,"4035 PARRISH ST","SARAH ALLEN SENIOR HOUSING","F","H","4035 PARRISH ST PHILADELPHIA, PA"
6,10,"43RD & WESTMINSTER ST","PHILA LEARNING ACADEMY SOUTH","M","L","43RD & WESTMINSTER ST PHILADELPHIA, PA"
6,14,"4159 W GIRARD AVE","1ST AFRICAN PRESBYTER CHURCH","M","L","4159 W GIRARD AVE PHILADELPHIA, PA"
6,15,"40TH ST & PARKSIDE AVE","SCHOOL OF THE FUTURE","F","H","40TH ST & PARKSIDE AVE PHILADELPHIA, PA"
6,16,"4435 PARRISH ST","JAMESON COURT","F","L","4435 PARRISH ST PHILADELPHIA, PA"
6,17,"4700 PARKSIDE AVE","DISCOVERY CHARTER SCHOOL","F","H","4700 PARKSIDE AVE PHILADELPHIA, PA"
6,18,"1030 BELMONT AVE","STEPHEN SMITH TOWERS","M","H","1030 BELMONT AVE PHILADELPHIA, PA"
7,1,"216 W SOMERSET ST","CONGRESO DE LATINOS","M","N","216 W SOMERSET ST PHILADELPHIA, PA"
7,4,"3150 N MASCHER ST","SALVATION ARMY","F","N","3150 N MASCHER ST PHILADELPHIA, PA"
7,5,"167 W ALLEGHENY AVE","VILLAS DEL CARIBE","F","H","167 W ALLEGHENY AVE PHILADELPHIA, PA"
7,6,"HOWARD & ONTARIO STS","SCHMIDT RECREATION CENTER","R","L","HOWARD & ONTARIO STS PHILADELPHIA, PA"
7,7,"122 W ERIE AVE","ROBERTO CLEMENTE SCHOOL","B","L","122 W ERIE AVE PHILADELPHIA, PA"
7,8,"4261 N 05TH ST","NUEVA ESPERANZA BUILDING","F","N","4261 N 05TH ST PHILADELPHIA, PA"
7,10,"D & CLEARFIELD STS","ELKIN SCHOOL","M","L","D & CLEARFIELD STS PHILADELPHIA, PA"
7,11,"B & ALLEGHENY AVE","ASPIRA STETSON CHARTER SCHOOL","R","N","B & ALLEGHENY AVE PHILADELPHIA, PA"
7,13,"2755 KENSINGTON AVE","ROCK MINISTRIES","M","N","2755 KENSINGTON AVE PHILADELPHIA, PA"
7,14,"3255 N FRONT ST","STOREFRONT","M","N","3255 N FRONT ST PHILADELPHIA, PA"
7,20,"2937 BOUDINOT @HART LA","FIRE ENGINE CO # 25","F","N","2937 BOUDINOT @HART LA PHILADELPHIA, PA"
8,1,"2212 SPRUCE ST","TRINITY MEMORIAL CHURCH","B","N","2212 SPRUCE ST PHILADELPHIA, PA"
8,3,"1800 LOMBARD ST","PENN MEDICINE AT RITTENHOUSE","F","H","1800 LOMBARD ST PHILADELPHIA, PA"
8,5,"100 S BROAD ST","LAND TITLE BUILDING","F","N","100 S BROAD ST PHILADELPHIA, PA"
8,6,"1701 DELANCEY ST","TENTH PRESBTERIAN CHURCH","M","N","1701 DELANCEY ST PHILADELPHIA, PA"
8,7,"2111 SANSOM ST","HOLY COMMUNION LUTHERAN CHURCH","M","N","2111 SANSOM ST PHILADELPHIA, PA"
8,8,"201 S 21ST ST","FIRST PRESBYTERIAN CHURCH","A","N","201 S 21ST ST PHILADELPHIA, PA"
8,9,"22ND & CHESTNUT STS","GREENFIELD SCHOOL-ROOM 108","M","N","22ND & CHESTNUT STS PHILADELPHIA, PA"
8,14,"BROAD & LOMBARD STS","HEALTH CENTER DISTRICT 01","F","N","BROAD & LOMBARD STS PHILADELPHIA, PA"
8,15,"1600 ARCH STREET","THE PHOENIX APTS","M","L","1600 ARCH STREET PHILADELPHIA, PA"
8,16,"1919 CHESTNUT ST","WILLIAM PENN HOUSE","F","L","1919 CHESTNUT ST PHILADELPHIA, PA"
8,17,"1815 JOHN F KENNEDY BLVD","THE STERLING APTS","F","N","1815 JOHN F KENNEDY BLVD PHILADELPHIA, PA"
8,18,"1900 JOHN F KENNEDY BLVD","PENN CENTER HOUSE APTS","M","L","1900 JOHN F KENNEDY BLVD PHILADELPHIA, PA"
8,19,"150 N 20TH ST","ATRIA SENIOR HOME","F","N","150 N 20TH ST PHILADELPHIA, PA"
8,21,"1420 LOCUST ST","ACADEMY HOUSE CONDOMINIUMS","M","L","1420 LOCUST ST PHILADELPHIA, PA"
8,22,"2200 BEN FRANKLIN PKWY","PARK TOWNE PLACE SOUTH LOBBY","F","L","2200 BEN FRANKLIN PKWY PHILADELPHIA, PA"
8,23,"158 N 23RD ST","RIVERSIDE PRESBYTERIAN APTS","M","N","158 N 23RD ST PHILADELPHIA, PA"
8,24,"2201 PENNSYLVANIA AVE","PARKWAY HOUSE","M","L","2201 PENNSYLVANIA AVE PHILADELPHIA, PA"
8,25,"2 FRANKLIN TOWN BLVD","THE WATERMARK","F","H","2 FRANKLIN TOWN BLVD PHILADELPHIA, PA"
8,26,"15TH & GREEN STS","BEN FRANKLIN HIGH SCHOOL","F","N","15TH & GREEN STS PHILADELPHIA, PA"
8,27,"2400 CHESTNUT ST","2400 CHESTNUT ST BLDG","F","H","2400 CHESTNUT ST PHILADELPHIA, PA"
8,28,"TANEY & PINE STS","MARKWARD RECREATION CENTER","F","L","TANEY & PINE STS PHILADELPHIA, PA"
8,29,"1901 J F KENNEDY BLVD","KENNEDY HOUSE APTS","F","L","1901 J F KENNEDY BLVD PHILADELPHIA, PA"
8,30,"17TH ST-SOUTH OF SPRING GARDEN","COMMUNITY COLLEGE-WINNET BLDG","F","H","17TH ST-SOUTH OF SPRING GARDEN PHILADELPHIA, PA"
9,1,"ARDLEIGH & GOWEN STS","GRACE EPIPHANY CHURCH","M","L","ARDLEIGH & GOWEN STS PHILADELPHIA, PA"
9,4,"20 E MERMAID LANE","CHESTNUT HILL FRIENDS MEETING","F","H","20 E MERMAID LANE PHILADELPHIA, PA"
9,6,"8711 GERMANTOWN AVE","CHESTNUT HILL LIBRARY","A","L","8711 GERMANTOWN AVE PHILADELPHIA, PA"
9,7,"22 E CHESTNUT HILL AVE","ST PAULS EPISCOPAL CHURCH","M","L","22 E CHESTNUT HILL AVE PHILADELPHIA, PA"
9,9,"101 W HIGHLAND AVE","FIRE ENGINE CO # 37","M","L","101 W HIGHLAND AVE PHILADELPHIA, PA"
9,10,"8000 ST MARTINS LANE","ST MARTIN IN THE FIELDS CHURCH","M","L","8000 ST MARTINS LANE PHILADELPHIA, PA"
9,12,"7301 GERMANTOWN AVE","LUTHERAN THEOLOGICAL SEMINARY","M","L","7301 GERMANTOWN AVE PHILADELPHIA, PA"
9,13,"200 W ALLENS LA @ CRESHEIM RD","ALLENS LANE TRAIN STATION","B","L","200 W ALLENS LA @ CRESHEIM RD PHILADELPHIA, PA"
9,14,"601 W ALLENS LANE","ALLENS LANE ART CENTER","F","L","601 W ALLENS LANE PHILADELPHIA, PA"
9,16,"7800 B STENTON AVE","CHESTNUT HILL APARTMENTS","M","L","7800 B STENTON AVE PHILADELPHIA, PA"
9,17,"7600 STENTON AVE","CHESTNUT HILL TOWERS","B","L","7600 STENTON AVE PHILADELPHIA, PA"
10,1,"1901 72ND AVE","WRIGHTS BARBER SHOP","R","N","1901 72ND AVE PHILADELPHIA, PA"
10,2,"1962 PENFIELD ST","BEAUTY SALON","M","N","1962 PENFIELD ST PHILADELPHIA, PA"
10,3,"7400 BRIAR ROAD","CROSS CUTZ SALON","R","N","7400 BRIAR ROAD PHILADELPHIA, PA"
10,4,"7200 N 21ST ST","CONCERNED BLACK MENS OFFICE","M","N","7200 N 21ST ST PHILADELPHIA, PA"
10,5,"7105 LIMEKILN PIKE","ST ATHANASIUS SCHOOL","R","L","7105 LIMEKILN PIKE PHILADELPHIA, PA"
10,6,"WALNUT LANE & WOOLSTON ST","SIMONS REC CENTER","M","H","WALNUT LANE & WOOLSTON ST PHILADELPHIA, PA"
10,7,"6700 N BROAD ST","PILGRIM WESLEYAN CHURCH","B","N","6700 N BROAD ST PHILADELPHIA, PA"
10,8,"19TH & HAINES STS","ROWEN SCHOOL","M","L","19TH & HAINES STS PHILADELPHIA, PA"
10,9,"6801 N 16TH ST","WESTWOOD SCHOOL","F","N","6801 N 16TH ST PHILADELPHIA, PA"
10,13,"WASHINGTON LA & LIMEKILN PK","WEST OAK LANE LIBRARY","M","L","WASHINGTON LA & LIMEKILN PK PHILADELPHIA, PA"
10,16,"2116 E HAINES ST","HOPE CHARTER SCHOOL","B","L","2116 E HAINES ST PHILADELPHIA, PA"
10,20,"6600 LIMEKILN PIKE","WIGGLES & GIGGLES DAYCARE","R","L","6600 LIMEKILN PIKE PHILADELPHIA, PA"
10,23,"LOWBER & MAYLAND STS","CONGREGATION TEMPLE BETHEL","F","L","LOWBER & MAYLAND STS PHILADELPHIA, PA"
10,26,"7163 STENTON AVE","STOREFRONT","M","N","7163 STENTON AVE PHILADELPHIA, PA"
10,29,"UPSAL & MANSFIELD STS","FINLEY RECREATION CENTER","M","L","UPSAL & MANSFIELD STS PHILADELPHIA, PA"
11,1,"1701 W LEHIGH AVE","OFFICE","B","L","1701 W LEHIGH AVE PHILADELPHIA, PA"
11,2,"22ND & SOMERSET STS","NORTH PHILA MUNICIPAL BUILDING","M","N","22ND & SOMERSET STS PHILADELPHIA, PA"
11,3,"SYDENHAM & CLEARFIELD ST","HERITAGE PARK REC CENTER","M","N","SYDENHAM & CLEARFIELD ST PHILADELPHIA, PA"
11,4,"3600 N BROAD ST","ZION BAPTIST CHURCH","M","L","3600 N BROAD ST PHILADELPHIA, PA"
11,6,"1628 W ALLEGHENY AVE","CHURCH ANNEX BUILDING","M","N","1628 W ALLEGHENY AVE PHILADELPHIA, PA"
11,8,"22ND & CLEARFIELD STS","PANATI RECREATION CENTER","F","L","22ND & CLEARFIELD STS PHILADELPHIA, PA"
11,9,"1531 W TIOGA ST","TIOGA PRESBYTERIAN SENIOR HOME","F","L","1531 W TIOGA ST PHILADELPHIA, PA"
11,10,"1828 W TIOGA ST","TIOGA ARMS APTS","M","N","1828 W TIOGA ST PHILADELPHIA, PA"
11,11,"2829 N LAMBERT ST","WOODSTOCK HOMES COMM ROOM","M","L","2829 N LAMBERT ST PHILADELPHIA, PA"
11,12,"1919-1941 W ONTARIO ST","JEROME BROWN RECREATION CENTER","F","L","1919-1941 W ONTARIO ST PHILADELPHIA, PA"
11,14,"2233 W ALLEGHENY AVE","ALLEGHENY BUSINESS CENTER","B","N","2233 W ALLEGHENY AVE PHILADELPHIA, PA"
11,15,"2104 W VENANGO ST","VENANGO HOUSE","F","L","2104 W VENANGO ST PHILADELPHIA, PA"
12,1,"CHELTEN AVE & ARDLEIGH ST","LONNIE YOUNG REC CTR SR BLDG","A","L","CHELTEN AVE & ARDLEIGH ST PHILADELPHIA, PA"
12,2,"CHELTEN & SPRAGUE ST","MASTERY PASTORIUS CHARTER","R","N","CHELTEN & SPRAGUE ST PHILADELPHIA, PA"
12,4,"5648 CHEW AVE","HARAMBE CHURCH","M","N","5648 CHEW AVE PHILADELPHIA, PA"
12,5,"5136-38 BELFIELD AVE","P G W BUILDING","R","L","5136-38 BELFIELD AVE PHILADELPHIA, PA"
12,6,"500 E CHELTEN AVE","SHRINE OF MIRACULOUS MEDAL","M","H","500 E CHELTEN AVE PHILADELPHIA, PA"
12,7,"CHELTEN AVE & BAYNTON ST","FIRE ENGINE CO # 19","M","L","CHELTEN AVE & BAYNTON ST PHILADELPHIA, PA"
12,8,"PULASKI & HANSBERRY STS","J B KELLY SCHOOL","R","L","PULASKI & HANSBERRY STS PHILADELPHIA, PA"
12,9,"200 E CHURCH LANE","HAMILL MILL APTS","F","L","200 E CHURCH LANE PHILADELPHIA, PA"
12,10,"285 E ASHMEAD ST","WISTER TOWNHOMES COMMUNITY CTR","F","L","285 E ASHMEAD ST PHILADELPHIA, PA"
12,11,"501 W KING ST","EAGLES NEST SCHOOL","F","N","501 W KING ST PHILADELPHIA, PA"
12,13,"BRINGHURST & WAKEFIELD STS","WISTER SCHOOL","R","L","BRINGHURST & WAKEFIELD STS PHILADELPHIA, PA"
12,15,"5457 WAYNE AVE","GERMANTOWN HOUSE","F","L","5457 WAYNE AVE PHILADELPHIA, PA"
12,16,"100 W COULTER ST","GERMANTOWN PROFESSIONAL BLDG","R","N","100 W COULTER ST PHILADELPHIA, PA"
12,17,"WAYNE & LOGAN STS","HAPPY HOLLOW RECREATION CENTER","A","N","WAYNE & LOGAN STS PHILADELPHIA, PA"
12,22,"406 W CHELTEN AVE","PHILA HAIR ARTISTRY","M","N","406 W CHELTEN AVE PHILADELPHIA, PA"
12,23,"5310 MORRIS ST","HARVEST COMMUNITY CHURCH","R","N","5310 MORRIS ST PHILADELPHIA, PA"
13,6,"4340 GERMANTOWN AVE","NICETOWN COURT","F","H","4340 GERMANTOWN AVE PHILADELPHIA, PA"
13,9,"1539 W COURTLAND ST","CHURCH OF NAZARENE BUILDING","F","N","1539 W COURTLAND ST PHILADELPHIA, PA"
13,14,"4153 GERMANTOWN AVE","CHRISTLIKE RESTORATION CHURCH","R","N","4153 GERMANTOWN AVE PHILADELPHIA, PA"
13,16,"1648 W HUNTING PARK AVE","TRIUMPH BAPTIST CHURCH","M","N","1648 W HUNTING PARK AVE PHILADELPHIA, PA"
13,18,"1717 W HUNTING PARK AVE","OPPORTUNITY TOWERS","M","H","1717 W HUNTING PARK AVE PHILADELPHIA, PA"
13,19,"22ND & HUNTING PARK AVE","FIRE ENGINE CO # 59","M","L","22ND & HUNTING PARK AVE PHILADELPHIA, PA"
13,20,"19TH & BUTLER STS","MASTERY CLEVELAND CHARTER","A","N","19TH & BUTLER STS PHILADELPHIA, PA"
13,23,"3720 N BROAD ST","NICETOWN TIOGA BRANCH LIBRARY","F","L","3720 N BROAD ST PHILADELPHIA, PA"
14,1,"1001 GREEN ST","SIMPSON MIDTOWN APTS","M","H","1001 GREEN ST PHILADELPHIA, PA"
14,2,"1240 N 10TH ST","HARRISON HOMES","F","L","1240 N 10TH ST PHILADELPHIA, PA"
14,4,"1221 FAIRMOUNT AVE","GUILD HOUSE WEST","F","L","1221 FAIRMOUNT AVE PHILADELPHIA, PA"
14,5,"1100 FAIRMOUNT AVE","GLADYS JACOBS APT BLDG","F","H","1100 FAIRMOUNT AVE PHILADELPHIA, PA"
14,6,"800 N 08TH ST","EAST POPLAR RECREATION CENTER","M","N","800 N 08TH ST PHILADELPHIA, PA"
14,8,"1100 POPLAR ST","STREET COMMUNITY CENTER","F","H","1100 POPLAR ST PHILADELPHIA, PA"
14,9,"953 N 10TH ST","CHILDS MEMORIAL BAPTIST CHURCH","B","L","953 N 10TH ST PHILADELPHIA, PA"
14,10,"700 GREEN ST","SPRING GARDEN APTS COMM ROOM","M","N","700 GREEN ST PHILADELPHIA, PA"
14,11,"702 MARSHALL PLACE","S B G MANAGEMENT INC","M","L","702 MARSHALL PLACE PHILADELPHIA, PA"
15,1,"2720 POPLAR ST","BAPTIST CHURCH","N","N","2720 POPLAR ST PHILADELPHIA, PA"
15,3,"18TH & WALLACE STS","CLEMENTE RECREATION CENTER","F","N","18TH & WALLACE STS PHILADELPHIA, PA"
15,4,"2601 PENNSYLVANIA AVE","2601 PARKWAY CLUBROOM","F","L","2601 PENNSYLVANIA AVE PHILADELPHIA, PA"
15,5,"755 N 24TH ST","PARKWAY MEMORIAL VFW POST","A","N","755 N 24TH ST PHILADELPHIA, PA"
15,6,"2401 PENNSYLVANIA AVE","THE PHILADELPHIAN APTS","F","L","2401 PENNSYLVANIA AVE PHILADELPHIA, PA"
15,7,"1539 PARRISH ST","FIRE ENGINE CO # 13","M","L","1539 PARRISH ST PHILADELPHIA, PA"
15,9,"22ND & PARRISH STS","BACHE MARTIN SCHOOL","M","N","22ND & PARRISH STS PHILADELPHIA, PA"
15,10,"FRANCIS & SHIRLEY STS","FRANCISVILLE RECREATION CENTER","F","N","FRANCIS & SHIRLEY STS PHILADELPHIA, PA"
15,13,"839 N WOODSTOCK ST","STOREFRONT","M","N","839 N WOODSTOCK ST PHILADELPHIA, PA"
15,14,"24TH & WALLACE STS","ST FRANCIS XAVIER SCHOOL","B","N","24TH & WALLACE STS PHILADELPHIA, PA"
15,15,"1831 B BRANDYWINE ST","YOGA STUDIO B","R","N","1831 B BRANDYWINE ST PHILADELPHIA, PA"
15,16,"19TH & NORTH STS","ST ANDREWS LITHUANIAN CHURCH","R","N","19TH & NORTH STS PHILADELPHIA, PA"
15,17,"560 N 20TH ST","RUSSIAN ORTHODOX CHURCH","N","N","560 N 20TH ST PHILADELPHIA, PA"
15,18,"854-70 N 24TH ST","THE CITY SCHOOL AT FAIRMOUNT","R","N","854-70 N 24TH ST PHILADELPHIA, PA"
16,1,"1421 W SUSQUEHANNA AVE","SUSQUEHANNA VILLAGE","F","N","1421 W SUSQUEHANNA AVE PHILADELPHIA, PA"
16,3,"2332 N 15TH ST","WINCHESTER RECREATION CENTER","B","N","2332 N 15TH ST PHILADELPHIA, PA"
16,6,"2121 GRATZ ST","CHURCH OF THE ADVOCATE GYM","M","L","2121 GRATZ ST PHILADELPHIA, PA"
16,7,"18TH & YORK STS","FOSTER MEMORIAL BAPT CHURCH","N","N","18TH & YORK STS PHILADELPHIA, PA"
16,13,"22ND & HUNTINGDON STS","CECIL B MOORE RECREATION CTR","M","L","22ND & HUNTINGDON STS PHILADELPHIA, PA"
16,14,"2301 W EDGLEY ST","RAYMOND ROSEN COMM CENTER","F","L","2301 W EDGLEY ST PHILADELPHIA, PA"
16,18,"2521 N 23RD ST","LOVE ZION BAPT CHURCH","M","N","2521 N 23RD ST PHILADELPHIA, PA"
17,1,"16TH & CHELTEN AVE","MORRIS ESTATE REC CENTER","N","N","16TH & CHELTEN AVE PHILADELPHIA, PA"
17,3,"6300 OLD YORK ROAD","PHILIP MURRAY HOUSE","F","L","6300 OLD YORK ROAD PHILADELPHIA, PA"
17,5,"6101 LIMEKILN PIKE","G O S P COMMUNITY BUILDING","M","L","6101 LIMEKILN PIKE PHILADELPHIA, PA"
17,6,"OPAL & MEDARY STS","ST BENEDICT SCHOOL","R","L","OPAL & MEDARY STS PHILADELPHIA, PA"
17,8,"2122 CHELTEN AVE","HOUSE OF PRAYER","R","N","2122 CHELTEN AVE PHILADELPHIA, PA"
17,9,"6100 N 21ST ST","CORINTHIAN COMM & EDUC CTR","B","L","6100 N 21ST ST PHILADELPHIA, PA"
17,15,"1953 NEDRO AVE","CHAMPLOST HOMES (PHA)","F","L","1953 NEDRO AVE PHILADELPHIA, PA"
17,16,"21ST ST & CHEW AVE","BELFIELD RECREATION CENTER","B","L","21ST ST & CHEW AVE PHILADELPHIA, PA"
17,18,"NEDRO & OGONTZ AVE","PENNELL SCHOOL","M","L","NEDRO & OGONTZ AVE PHILADELPHIA, PA"
17,19,"5801 OGONTZ AVE","LOVE MISSIONARY BAPTIST CHURCH","B","L","5801 OGONTZ AVE PHILADELPHIA, PA"
17,20,"1424 CLEARVIEW ST","SUFFOLK MANOR APTS-BLDG H","F","N","1424 CLEARVIEW ST PHILADELPHIA, PA"
17,21,"1500 W OLNEY AVE","WIDENER SCHOOL","F","L","1500 W OLNEY AVE PHILADELPHIA, PA"
17,24,"1605 W ROCKLAND ST","ESTHER MARIA'S BALLROOM","M","L","1605 W ROCKLAND ST PHILADELPHIA, PA"
17,29,"1950 W ROCKLAND ST","PROVISION OF GRACE CHURCH","M","L","1950 W ROCKLAND ST PHILADELPHIA, PA"
18,1,"HANCOCK & MASTER STS","HANCOCK RECREATION CENTER","F","N","HANCOCK & MASTER STS PHILADELPHIA, PA"
18,2,"236 RICHMOND ST","UNION HALL","N","N","236 RICHMOND ST PHILADELPHIA, PA"
18,3,"ORKNEY & DIAMOND STS","MC KINLEY SCHOOL","M","N","ORKNEY & DIAMOND STS PHILADELPHIA, PA"
18,4,"PALMER & THOMPSON STS","ADAIRE SCHOOL","M","N","PALMER & THOMPSON STS PHILADELPHIA, PA"
18,5,"E MONTGOMERY & GIRARD AVES","FISHTOWN RECREATION CENTER","F","N","E MONTGOMERY & GIRARD AVES PHILADELPHIA, PA"
18,9,"301 W GIRARD AVE","HEALTH CENTER DISTRICT 06","F","L","301 W GIRARD AVE PHILADELPHIA, PA"
18,10,"1601 E PALMER ST","NEUMANN SENIOR HOUSING","M","N","1601 E PALMER ST PHILADELPHIA, PA"
18,11,"1401 E SUSQUEHANNA AVE","PENNA HOME","M","N","1401 E SUSQUEHANNA AVE PHILADELPHIA, PA"
18,13,"2011 N MASCHER ST","NORRIS SQUARE CHILD CARE CTR","F","L","2011 N MASCHER ST PHILADELPHIA, PA"
18,14,"1501-11 GERMANTOWN AVE","AL-AQSA ISLAMIC SOCIETY","A","N","1501-11 GERMANTOWN AVE PHILADELPHIA, PA"
18,16,"HOWARD & BERKS STS","TOWEY RECREATION CENTER","M","N","HOWARD & BERKS STS PHILADELPHIA, PA"
19,1,"5TH & ALLEGHENY AVE","RIVERA RECREATION CENTER","B","L","5TH & ALLEGHENY AVE PHILADELPHIA, PA"
19,2,"3RD & ONTARIO STS","MUNOZ MARIN SCHOOL","F","H","3RD & ONTARIO STS PHILADELPHIA, PA"
19,5,"6TH & INDIANA AVE","POTTER THOMAS SCHOOL","M","L","6TH & INDIANA AVE PHILADELPHIA, PA"
19,6,"2800 N AMERICAN ST","CONGRESO EDUC & TRAINING CTR","F","H","2800 N AMERICAN ST PHILADELPHIA, PA"
19,9,"2820 N 4TH ST","FAIRHILL COMMUNITY HIGH SCHOOL","M","H","2820 N 4TH ST PHILADELPHIA, PA"
19,10,"2354 N MASCHER ST","GARAGE","R","N","2354 N MASCHER ST PHILADELPHIA, PA"
19,11,"2400 N HOWARD ST","HUNTER SCHOOL","F","H","2400 N HOWARD ST PHILADELPHIA, PA"
19,12,"HANCOCK & SUSQUEHANNA AVE","NORRIS SQUARE UN PRES CHURCH","M","N","HANCOCK & SUSQUEHANNA AVE PHILADELPHIA, PA"
19,13,"4TH & YORK STS","WELSH SCHOOL","F","L","4TH & YORK STS PHILADELPHIA, PA"
19,16,"2603 N 05TH ST","SCHOOL DISTRICT REGION OFFICE","M","N","2603 N 05TH ST PHILADELPHIA, PA"
19,19,"2426 N 2ND ST","FIRE ENGINE CO # 02","M","L","2426 N 2ND ST PHILADELPHIA, PA"
20,1,"1701 N 08TH ST","BROWN COMMUNITY CENTER","M","H","1701 N 08TH ST PHILADELPHIA, PA"
20,2,"1401 N 06TH ST","CRUZ RECREATION CENTER","M","L","1401 N 06TH ST PHILADELPHIA, PA"
20,3,"10TH & OXFORD STS","DENDY REC CTR","M","L","10TH & OXFORD STS PHILADELPHIA, PA"
20,4,"1600 N 08TH ST","GRAY MANOR","F","H","1600 N 08TH ST PHILADELPHIA, PA"
20,5,"8TH & DIAMOND STS","8TH & DIAMOND ST REC CTR","M","L","8TH & DIAMOND STS PHILADELPHIA, PA"
20,6,"1300 W JEFFERSON ST","YORKTOWN APARTMENTS","R","N","1300 W JEFFERSON ST PHILADELPHIA, PA"
20,7,"12TH & SUSQUEHANNA AVE","PENROSE RECREATION CENTER","F","N","12TH & SUSQUEHANNA AVE PHILADELPHIA, PA"
20,9,"1915 N 11TH STREET","NORRIS HOMES","M","L","1915 N 11TH STREET PHILADELPHIA, PA"
21,1,"3815 TERRACE ST","PILGRIM ORTHODOX CHURCH","M","L","3815 TERRACE ST PHILADELPHIA, PA"
21,3,"7901 HENRY AVE","HENRY ON THE PARK/BLDG E","M","L","7901 HENRY AVE PHILADELPHIA, PA"
21,4,"7 LOCK STREET","VENICE ISLAND RECREATION CTR","F","L","7 LOCK STREET PHILADELPHIA, PA"
21,5,"SHAWMONT AVE & EVA ST","SHAWMONT SCHOOL","A","L","SHAWMONT AVE & EVA ST PHILADELPHIA, PA"
21,6,"175 GREEN LANE","NORTH LIGHT COMMUNITY CENTER","B","L","175 GREEN LANE PHILADELPHIA, PA"
21,8,"201 FOUNTAIN ST","HILLSIDE RECREATION CENTER","B","L","201 FOUNTAIN ST PHILADELPHIA, PA"
21,10,"403 RECTOR ST","JOURNEYS WAY","F","L","403 RECTOR ST PHILADELPHIA, PA"
21,11,"235 COTTON ST","TONYS GLASS WORKS","F","L","235 COTTON ST PHILADELPHIA, PA"
21,14,"RIGHTER & SALAIGNAC STS","COOK WISSAHICKON SCHOOL","M","L","RIGHTER & SALAIGNAC STS PHILADELPHIA, PA"
21,15,"5301 RIDGE AVE","NORTHERN CHILDREN SERVICES","F","L","5301 RIDGE AVE PHILADELPHIA, PA"
21,19,"401 MARTIN ST","BETHANY LUTHERAN CHURCH","M","N","401 MARTIN ST PHILADELPHIA, PA"
21,21,"6400 RIDGE AVENUE","ROXBOROUGH HIGH SCHOOL","F","L","6400 RIDGE AVENUE PHILADELPHIA, PA"
21,22,"RIDGE & CINNAMINSON ST","FIREHOUSE","M","L","RIDGE & CINNAMINSON ST PHILADELPHIA, PA"
21,23,"5450 WISSAHICKON AVE","CHARTER COURT APARTMENTS","F","L","5450 WISSAHICKON AVE PHILADELPHIA, PA"
21,24,"WAYNE AVE & JOHNSON ST","LINGELBACH SCHOOL","A","L","WAYNE AVE & JOHNSON ST PHILADELPHIA, PA"
21,25,"RIDGE AVE & JAMESTOWN ST","ROX MEM HOSPITAL AUDITORIUM","M","L","RIDGE AVE & JAMESTOWN ST PHILADELPHIA, PA"
21,29,"6730 RIDGE AVE","SALVATION ARMY","M","L","6730 RIDGE AVE PHILADELPHIA, PA"
21,32,"7100 HENRY AVE","SAUL HIGH SCHOOL","F","L","7100 HENRY AVE PHILADELPHIA, PA"
21,33,"600 E CATHEDRAL RD","CATHEDRAL VILLAGE AUDITORIUM","F","L","600 E CATHEDRAL RD PHILADELPHIA, PA"
21,34,"WISSAHICKON & GRAKYN LA","HOUSTON RECREATION CENTER","M","L","WISSAHICKON & GRAKYN LA PHILADELPHIA, PA"
21,39,"8201 HENRY AVE","SUMMIT PARK APTS-CLUBHOUSE","M","L","8201 HENRY AVE PHILADELPHIA, PA"
21,41,"DOMINO LA & RIDGE AVE","ROXBOROUGH Y M C A","M","L","DOMINO LA & RIDGE AVE PHILADELPHIA, PA"
21,43,"705 E CATHEDRAL ROAD","ANDORRA BRANCH LIBRARY","R","H","705 E CATHEDRAL ROAD PHILADELPHIA, PA"
22,1,"6757 GREENE ST","SUMMIT PRESBYTERIAN CHURCH","M","L","6757 GREENE ST PHILADELPHIA, PA"
22,3,"6400 GREENE ST","CLIVEDEN CONVALESCENT CENTER","F","H","6400 GREENE ST PHILADELPHIA, PA"
22,4,"400 W ELLET ST","GERMANTOWN JEWISH CENTER","F","N","400 W ELLET ST PHILADELPHIA, PA"
22,6,"6950 GERMANTOWN AVE","GERMANTOWN HOME","M","H","6950 GERMANTOWN AVE PHILADELPHIA, PA"
22,7,"6753 GERMANTOWN AVE","JESUS IS THE WAY CHURCH","M","N","6753 GERMANTOWN AVE PHILADELPHIA, PA"
22,8,"220 W UPSAL ST","BLAIR CHRISTIAN ACADEMY","A","L","220 W UPSAL ST PHILADELPHIA, PA"
22,9,"6671 GERMANTOWN AVE","ST MICHAELS LUTHERAN CHURCH","B","L","6671 GERMANTOWN AVE PHILADELPHIA, PA"
22,12,"PLEASANT ST & CHEW AVE","PLEASANT RECREATION CENTER","M","L","PLEASANT ST & CHEW AVE PHILADELPHIA, PA"
22,14,"6445 GERMANTOWN AVE","CARING HEART NURSING HOME","M","N","6445 GERMANTOWN AVE PHILADELPHIA, PA"
22,15,"6415 MUSGRAVE ST","CLIVEDEN HOUSE","B","N","6415 MUSGRAVE ST PHILADELPHIA, PA"
22,16,"GERMANTOWN AVE & SEDGWICK ST","MT AIRY RECREATION CENTER","M","N","GERMANTOWN AVE & SEDGWICK ST PHILADELPHIA, PA"
22,20,"CHEW & UPSAL STS","EMLEN SCHOOL","R","L","CHEW & UPSAL STS PHILADELPHIA, PA"
22,23,"610 E MT PLEASANT AVE","GERMANTOWN CHRISTIAN ASSEMBLY","B","L","610 E MT PLEASANT AVE PHILADELPHIA, PA"
22,25,"6611 ARDLEIGH ST","OLD ST THERESE SCHOOL","R","L","6611 ARDLEIGH ST PHILADELPHIA, PA"
22,27,"CRITTENDEN & JOHNSON STS","A B DAY SCHOOL","M","L","CRITTENDEN & JOHNSON STS PHILADELPHIA, PA"
23,1,"4442 FRANKFORD AVE","ST MARKS CHURCH FRANKFORD","M","N","4442 FRANKFORD AVE PHILADELPHIA, PA"
23,4,"ARROTT & LARGE STS","SIMPSON RECREATION CENTER","M","L","ARROTT & LARGE STS PHILADELPHIA, PA"
23,5,"4634 FRANKFORD AVE","FRANKFORD BRANCH LIBRARY","M","N","4634 FRANKFORD AVE PHILADELPHIA, PA"
23,9,"OXFORD & WAKELING STS","FRANKFORD HIGH SCHOOL","M","L","OXFORD & WAKELING STS PHILADELPHIA, PA"
23,10,"LARGE & DYRE STS","STRING THEORY CHARTER SCHOOL","A","N","LARGE & DYRE STS PHILADELPHIA, PA"
23,11,"4800 WHITAKER AVE","VAIRD-FELTONVILLE YOUTH CLUB","F","L","4800 WHITAKER AVE PHILADELPHIA, PA"
23,14,"2369 ORTHODOX ST","AMERICAN LEGION POST 396","B","N","2369 ORTHODOX ST PHILADELPHIA, PA"
23,15,"TULIP & WAKELING ST","CARMELLA RECREATION CENTER","R","N","TULIP & WAKELING ST PHILADELPHIA, PA"
23,16,"1655 UNITY ST","STEARNE SCHOOL","R","N","1655 UNITY ST PHILADELPHIA, PA"
23,17,"2006 ORTHODOX ST","AMERICAN LEGION POST","N","N","2006 ORTHODOX ST PHILADELPHIA, PA"
23,18,"1824-26 FOULKROD ST","WHITEHALL RES COUNCIL OFFICE","M","N","1824-26 FOULKROD ST PHILADELPHIA, PA"
23,19,"DITMAN & WAKELING ST","GAMBRELL RECREATION CENTER","M","N","DITMAN & WAKELING ST PHILADELPHIA, PA"
23,20,"DARRAH & FOULKROD STS","FIREHOUSE","M","N","DARRAH & FOULKROD STS PHILADELPHIA, PA"
24,1,"36TH & POWELTON AVE","POWELL SCHOOL","M","N","36TH & POWELTON AVE PHILADELPHIA, PA"
24,2,"34TH & HAVERFORD AVE","DURHAM LIBRARY","F","N","34TH & HAVERFORD AVE PHILADELPHIA, PA"
24,4,"36TH & FAIRMOUNT AVE","MC MICHAEL SCHOOL","M","N","36TH & FAIRMOUNT AVE PHILADELPHIA, PA"
24,6,"3901 MARKET ST","UNIVERSITY SQUARE","F","L","3901 MARKET ST PHILADELPHIA, PA"
24,7,"631 N 39TH ST","MANTUA HAVERFORD COMM CTR","R","L","631 N 39TH ST PHILADELPHIA, PA"
24,8,"325 N 39TH ST","ROWAN HOUSE","F","L","325 N 39TH ST PHILADELPHIA, PA"
24,9,"4015-17 POPLAR ST","HEAVENLY HALL","M","L","4015-17 POPLAR ST PHILADELPHIA, PA"
24,10,"25 N 33RD ST","THE ARMORY AT DREXEL","F","L","25 N 33RD ST PHILADELPHIA, PA"
24,15,"41ST & BROWN STS","BELMONT ACADEMY CHARTER SCHOOL","M","N","41ST & BROWN STS PHILADELPHIA, PA"
25,1,"3068 BELGRADE ST","PORT RICHMOND SENIOR CENTER","R","N","3068 BELGRADE ST PHILADELPHIA, PA"
25,2,"MEMPHIS & ANN STS","MEMPHIS ST ACADEMY CHARTER","A","N","MEMPHIS & ANN STS PHILADELPHIA, PA"
25,4,"INDIANA & ALMOND STS","RICHMOND LIBRARY","M","N","INDIANA & ALMOND STS PHILADELPHIA, PA"
25,7,"2649 E SOMERSET ST","GARAGE","M","N","2649 E SOMERSET ST PHILADELPHIA, PA"
25,9,"3116 FRANKFORD AVE","MASTBAUM HIGH SCHOOL","M","N","3116 FRANKFORD AVE PHILADELPHIA, PA"
25,11,"CEDAR & CAMBRIA STS","COHOCKSINK RECREATION CENTER","F","L","CEDAR & CAMBRIA STS PHILADELPHIA, PA"
25,14,"2646 KENSINGTON AVE","CARDINAL BEVILACQUA CENTER","F","N","2646 KENSINGTON AVE PHILADELPHIA, PA"
25,15,"ELKHART & HELEN STS","WILLARD SCHOOL","M","N","ELKHART & HELEN STS PHILADELPHIA, PA"
25,16,"2271-75 E WILLIAM ST","FUNERAL HOME","N","N","2271-75 E WILLIAM ST PHILADELPHIA, PA"
26,1,"3301 S 20TH ST","CALVARY TEMPLE ACADEMY","M","L","3301 S 20TH ST PHILADELPHIA, PA"
26,4,"BROAD & OREGON AVE","MARCONI PLAZA BOCCE COURTS","M","N","BROAD & OREGON AVE PHILADELPHIA, PA"
26,6,"18TH & JOHNSTON STS","BARRY RECREATION CENTER","R","N","18TH & JOHNSTON STS PHILADELPHIA, PA"
26,7,"2437 S BROAD ST","FUMO FAMILY BRANCH LIBRARY","M","N","2437 S BROAD ST PHILADELPHIA, PA"
26,8,"2500 S 16TH ST","ST MONICAS BOWLING LANES","R","N","2500 S 16TH ST PHILADELPHIA, PA"
26,10,"16TH & JACKSON STS","GUERIN REC CTR-BOCCE BUILDING","M","N","16TH & JACKSON STS PHILADELPHIA, PA"
26,11,"2433 S 15TH ST","CARING PEOPLE ALLIANCE","F","N","2433 S 15TH ST PHILADELPHIA, PA"
26,13,"22ND & RITNER STS","G.A.M.P. SCHOOL","A","N","22ND & RITNER STS PHILADELPHIA, PA"
27,1,"4247 LOCUST ST","FAIRFAX APARTMENTS","R","N","4247 LOCUST ST PHILADELPHIA, PA"
27,2,"4400 BALTIMORE AVE","H M S SCHOOL","F","H","4400 BALTIMORE AVE PHILADELPHIA, PA"
27,3,"3609 CHESTNUT ST","PENN CARE & REHABILITATION CTR","M","L","3609 CHESTNUT ST PHILADELPHIA, PA"
27,4,"51ST ST & GREENWAY AVE","COMEGYS SCHOOL","M","L","51ST ST & GREENWAY AVE PHILADELPHIA, PA"
27,5,"3914 LOCUST WALK","CIVIC HOUSE/UNIV OF PENNA","F","N","3914 LOCUST WALK PHILADELPHIA, PA"
27,6,"42ND & LUDLOW STS","ROBESON HIGH SCHOOL","M","N","42ND & LUDLOW STS PHILADELPHIA, PA"
27,7,"600 S 43RD ST","ROSENBERGER HALL/ROOM 100","F","N","600 S 43RD ST PHILADELPHIA, PA"
27,8,"3948 WALNUT ST","WALNUT ST WEST LIBRARY","M","N","3948 WALNUT ST PHILADELPHIA, PA"
27,10,"257 S 45TH ST","SPRUCE HILL COMM ASSOC","M","L","257 S 45TH ST PHILADELPHIA, PA"
27,15,"48TH & WOODLAND AVE","48TH & WOODLAND REC CENTER","M","L","48TH & WOODLAND AVE PHILADELPHIA, PA"
27,17,"1450 S 50TH ST","REBA BROWN SR APTS","F","H","1450 S 50TH ST PHILADELPHIA, PA"
27,18,"3733 SPRUCE ST","VANCE HALL","F","N","3733 SPRUCE ST PHILADELPHIA, PA"
27,19,"3333 WALNUT ST","HILL HOUSE","M","N","3333 WALNUT ST PHILADELPHIA, PA"
27,20,"3910 IRVING ST","HARRISON COLLEGE HOUSE","F","N","3910 IRVING ST PHILADELPHIA, PA"
27,21,"3820 LOCUST WALK","UNIV OF PA HARNWELL HOUSE","F","N","3820 LOCUST WALK PHILADELPHIA, PA"
27,22,"3417 SPRUCE ST","HOUSTON HALL  READING ROOM","F","N","3417 SPRUCE ST PHILADELPHIA, PA"
28,2,"28TH & DAUPHIN STS","WRIGHT SCHOOL","F","L","28TH & DAUPHIN STS PHILADELPHIA, PA"
28,4,"32ND & RIDGE AVE","STRAWBERRY MANSION SCHOOL","F","L","32ND & RIDGE AVE PHILADELPHIA, PA"
28,7,"26TH & YORK STS","FIRE ENGINE CO # 45","M","N","26TH & YORK STS PHILADELPHIA, PA"
28,8,"2450 W SERGEANT ST","NEW LIFE BAPTIST CHURCH","M","N","2450 W SERGEANT ST PHILADELPHIA, PA"
28,9,"32ND & LEHIGH AVE","ETHEL ALLEN SCHOOL","M","L","32ND & LEHIGH AVE PHILADELPHIA, PA"
28,13,"2808 W LEHIGH AVE","WIDENER BRANCH LIBRARY","F","L","2808 W LEHIGH AVE PHILADELPHIA, PA"
28,17,"2832 N 28TH ST","MEDIATOR LUTHERAN CHURCH","F","N","2832 N 28TH ST PHILADELPHIA, PA"
29,1,"1999 RIDGE AVE","MOORE MANOR SR HOME","F","L","1999 RIDGE AVE PHILADELPHIA, PA"
29,2,"1450 N 21ST ST","SHARSWOOD COMMUNITY CENTER","F","L","1450 N 21ST ST PHILADELPHIA, PA"
29,3,"28TH & THOMPSON STS","FIRE ENGINE CO # 34","F","N","28TH & THOMPSON STS PHILADELPHIA, PA"
29,5,"2320 CECIL B MOORE AVE","CECIL B MOORE LIBRARY","F","L","2320 CECIL B MOORE AVE PHILADELPHIA, PA"
29,7,"1425 N 23RD ST","SHARSWOOD ONE SENIOR APTS","F","N","1425 N 23RD ST PHILADELPHIA, PA"
29,9,"26TH & JEFFERSON STS","BOONE SCHOOL","R","N","26TH & JEFFERSON STS PHILADELPHIA, PA"
29,10,"3000 W MASTER ST","BREWERYTOWN CDC OFFICE","F","N","3000 W MASTER ST PHILADELPHIA, PA"
29,11,"26TH & THOMPSON STS","MORRIS SCHOOL","F","L","26TH & THOMPSON STS PHILADELPHIA, PA"
29,12,"2632 W THOMPSON ST","COLLEGEVIEW HOMES (PHA)","F","L","2632 W THOMPSON ST PHILADELPHIA, PA"
29,15,"28TH & OXFORD STS","W D KELLEY SCHOOL","M","L","28TH & OXFORD STS PHILADELPHIA, PA"
30,1,"1525 FITZWATER ST","GIDEON HALL@SCOTTISH RITE HSE","M","L","1525 FITZWATER ST PHILADELPHIA, PA"
30,2,"1530 FITZWATER ST","SCOTTISH RITE TOWER","F","N","1530 FITZWATER ST PHILADELPHIA, PA"
30,4,"1427 CATHARINE ST","UNIVERSAL CHARTER SCHOOL","F","N","1427 CATHARINE ST PHILADELPHIA, PA"
30,5,"1724 CHRISTIAN ST","Y M C A","F","N","1724 CHRISTIAN ST PHILADELPHIA, PA"
30,6,"17TH & FITZWATER STS","ANDERSON RECREATION CENTER","F","N","17TH & FITZWATER STS PHILADELPHIA, PA"
30,8,"2501 LOMBARD ST","THE PHILADELPHIA SCHOOL","F","L","2501 LOMBARD ST PHILADELPHIA, PA"
30,9,"20TH & CATHARINE STS","ARTHUR SCHOOL","M","L","20TH & CATHARINE STS PHILADELPHIA, PA"
30,12,"2309 CARPENTER ST","ST ANTHONYS SENIOR RESIDENCE","M","L","2309 CARPENTER ST PHILADELPHIA, PA"
31,1,"2446-48 CORAL ST","ARTS HOUSE APTS","F","L","2446-48 CORAL ST PHILADELPHIA, PA"
31,3,"YORK & TRENTON STS","HACKETT SCHOOL","M","N","YORK & TRENTON STS PHILADELPHIA, PA"
31,4,"2212-18 E SUSQUEHANNA AVE","BETHEL BAPTIST CHURCH","F","N","2212-18 E SUSQUEHANNA AVE PHILADELPHIA, PA"
31,5,"2230 TAGGERT ST","GARAGE","F","L","2230 TAGGERT ST PHILADELPHIA, PA"
31,6,"2204 ARAMINGO AVE","DERKA'S AUTO GARAGE","M","L","2204 ARAMINGO AVE PHILADELPHIA, PA"
31,7,"EDGEMONT & HUNTINGDON STS","MARITIME ACADEMY CHARTER","M","N","EDGEMONT & HUNTINGDON STS PHILADELPHIA, PA"
31,8,"2463 EMERALD ST","KENSINGTON HIGH SCHOOL ANNEX","M","H","2463 EMERALD ST PHILADELPHIA, PA"
31,10,"2139 E CUMBERLAND ST","ST MICHAELS LUTHERAN CHURCH","M","N","2139 E CUMBERLAND ST PHILADELPHIA, PA"
31,11,"SERGEANT & JASPER STS","H A BROWN SCHOOL","A","N","SERGEANT & JASPER STS PHILADELPHIA, PA"
31,14,"2301 E CUMBERLAND ST","OFFICE","R","N","2301 E CUMBERLAND ST PHILADELPHIA, PA"
31,15,"2424 E YORK ST","2424 STUDIOS","M","N","2424 E YORK ST PHILADELPHIA, PA"
31,16,"2364 E CUMBERLAND ST","BEACON PRESBYTERIAN CHURCH","R","N","2364 E CUMBERLAND ST PHILADELPHIA, PA"
31,17,"BELGRADE & HUNTINGDON STS","FIRE ENGINE CO # 06","F","L","BELGRADE & HUNTINGDON STS PHILADELPHIA, PA"
31,18,"MEMPHIS & TUCKER STS","ST ANNE'S SOCIAL HALL","R","N","MEMPHIS & TUCKER STS PHILADELPHIA, PA"
31,19,"ARAMINGO & LEHIGH AVES","CIONE RECREATION CENTER","M","N","ARAMINGO & LEHIGH AVES PHILADELPHIA, PA"
32,2,"1900 N 20TH ST","HEALTH CENTER DISTRICT 05","M","N","1900 N 20TH ST PHILADELPHIA, PA"
32,5,"16TH & BERKS STS","AMOS RECREATION CENTER","F","L","16TH & BERKS STS PHILADELPHIA, PA"
32,7,"16TH & DIAMOND STS","DUCKREY SCHOOL","F","N","16TH & DIAMOND STS PHILADELPHIA, PA"
32,9,"17TH & NORRIS STS","CARVER SCHOOL ENGINR & SCIENCE","F","L","17TH & NORRIS STS PHILADELPHIA, PA"
32,10,"3226 CLIFFORD ST","VERNON MARKS HOUSE","M","L","3226 CLIFFORD ST PHILADELPHIA, PA"
32,13,"1924 N WOODSTOCK ST","WOODSTOCK COMMUNITY CENTER","M","L","1924 N WOODSTOCK ST PHILADELPHIA, PA"
32,15,"23RD & MONTGOMERY AVE","OLD ST ELIZABETHS SCHOOL","F","L","23RD & MONTGOMERY AVE PHILADELPHIA, PA"
32,18,"2500 W NORRIS ST","JOHNSON HOMES (PHA)","M","L","2500 W NORRIS ST PHILADELPHIA, PA"
32,19,"2600 W SUSQUEHANNA AVE","CLARA BALDWIN MANOR","B","L","2600 W SUSQUEHANNA AVE PHILADELPHIA, PA"
32,20,"29TH & GLENWOOD AVE","GIDEON SCHOOL","M","N","29TH & GLENWOOD AVE PHILADELPHIA, PA"
32,21,"30TH & BERKS STS","BLAINE SCHOOL","M","L","30TH & BERKS STS PHILADELPHIA, PA"
32,26,"33RD & DIAMOND STS","MANDER RECREATION CENTER","F","N","33RD & DIAMOND STS PHILADELPHIA, PA"
32,29,"25TH & DIAMOND STS","HANK GATHERS RECREATION CTR","M","N","25TH & DIAMOND STS PHILADELPHIA, PA"
32,31,"3017 W OXFORD ST","THE SARTAIN APTS","M","N","3017 W OXFORD ST PHILADELPHIA, PA"
33,1,"901 E CAYUGA ST","RESTAURANT","M","H","901 E CAYUGA ST PHILADELPHIA, PA"
33,2,"J & CAYUGA STS","FERKO RECREATION CENTER","B","L","J & CAYUGA STS PHILADELPHIA, PA"
33,3,"HOWLAND & CAYUGA STS","JUNIATA YOUTH CLUB","M","L","HOWLAND & CAYUGA STS PHILADELPHIA, PA"
33,5,"CASTOR AVE & CAYUGA ST","PICCOLI RECREATION CENTER","M","L","CASTOR AVE & CAYUGA ST PHILADELPHIA, PA"
33,7,"1500 E HUNTING PARK AVE","WATER DEPT LABORATORY","N","L","1500 E HUNTING PARK AVE PHILADELPHIA, PA"
33,9,"L & LUZERNE STS","HOPKINSON LITTLE SCHOOL HOUSE","M","L","L & LUZERNE STS PHILADELPHIA, PA"
33,11,"J ST & ERIE AVE","J STREET CAFE DINING ROOM","M","N","J ST & ERIE AVE PHILADELPHIA, PA"
33,14,"L & SEDGELY STS","JUNIATA PARK OLDER ADULT CTR","F","L","L & SEDGELY STS PHILADELPHIA, PA"
33,15,"H & TIOGA STS","HARROWGATE PAL CENTER","M","L","H & TIOGA STS PHILADELPHIA, PA"
33,16,"J & TIOGA STS","SCANLON RECREATION CENTER","F","N","J & TIOGA STS PHILADELPHIA, PA"
34,1,"6122 MARKET ST","BARBER SHOP","M","N","6122 MARKET ST PHILADELPHIA, PA"
34,4,"6131 VINE ST","STOREFRONT","M","N","6131 VINE ST PHILADELPHIA, PA"
34,5,"520 N 61ST ST","BETTERWAY BIBLE CHURCH","M","N","520 N 61ST ST PHILADELPHIA, PA"
34,6,"61ST & THOMPSON STS","FIRE ENGINE CO # 41","F","L","61ST & THOMPSON STS PHILADELPHIA, PA"
34,8,"60TH & COLUMBIA AVE","TUSTIN RECREATION CENTER","F","N","60TH & COLUMBIA AVE PHILADELPHIA, PA"
34,10,"1541 N 61ST ST","PRAYER & FAITH TEMPLE COGIC","F","L","1541 N 61ST ST PHILADELPHIA, PA"
34,11,"6148 LANSDOWNE AVE","GOOD SAMARITAN CHURCH","R","N","6148 LANSDOWNE AVE PHILADELPHIA, PA"
34,12,"61ST & JEFFERSON STS","SIMPSON-FLETCHER METH CHURCH","A","L","61ST & JEFFERSON STS PHILADELPHIA, PA"
34,13,"EDGEMORE & MEDIA STS","HARAMBEE INSTITUTE","M","N","EDGEMORE & MEDIA STS PHILADELPHIA, PA"
34,14,"1100 N 63RD ST","KIMBLE FUNERAL HOME","F","L","1100 N 63RD ST PHILADELPHIA, PA"
34,15,"6150 W OXFORD ST","MONTE VISTA APTS","F","L","6150 W OXFORD ST PHILADELPHIA, PA"
34,16,"65TH & GIRARD AVE","HADDINGTON LIBRARY","A","N","65TH & GIRARD AVE PHILADELPHIA, PA"
34,17,"65TH & CALLOWHILL STS","GRANAHAN RECREATION CENTER","R","L","65TH & CALLOWHILL STS PHILADELPHIA, PA"
34,20,"68TH & LANSDOWNE AVE","PAPA RECREATION CENTER","M","L","68TH & LANSDOWNE AVE PHILADELPHIA, PA"
34,22,"6546 LEBANON AVE","BARBER SHOP","M","N","6546 LEBANON AVE PHILADELPHIA, PA"
34,23,"6376 CITY AVE","OVERBROOK PRESBYTERIAN CHURCH","A","L","6376 CITY AVE PHILADELPHIA, PA"
34,24,"1101 N 63RD ST","LIBERTY TOWERS APTS","A","L","1101 N 63RD ST PHILADELPHIA, PA"
34,25,"63RD & LANCASTER AVE","FIRE ENGINE CO # 54","M","N","63RD & LANCASTER AVE PHILADELPHIA, PA"
34,27,"1625 N 76TH AVE","LAMBERTON LITTLE SCHOOL HOUSE","F","L","1625 N 76TH AVE PHILADELPHIA, PA"
34,30,"7630 WOODBINE AVE","OVERBROOK PARK CHURCH CHRIST","A","N","7630 WOODBINE AVE PHILADELPHIA, PA"
34,32,"HAVERFORD & WOODBINE AVES","OVERBROOK LIBRARY","F","L","HAVERFORD & WOODBINE AVES PHILADELPHIA, PA"
34,34,"7060 CITY AVE","RESIDENCE","F","L","7060 CITY AVE PHILADELPHIA, PA"
34,35,"1660 N 62ND ST","TRUE IMAGE SALON","M","N","1660 N 62ND ST PHILADELPHIA, PA"
34,36,"6237 MARKET ST","HEAD 2 TOE SALON","R","N","6237 MARKET ST PHILADELPHIA, PA"
34,42,"6143 LANSDOWNE AVE","CHURCH","M","L","6143 LANSDOWNE AVE PHILADELPHIA, PA"
35,1,"7236 RISING SUN AVE","STORE","M","L","7236 RISING SUN AVE PHILADELPHIA, PA"
35,2,"603 LONGSHORE AVE","TRINITY CHURCH OXFORD/BUCHANAN","R","L","603 LONGSHORE AVE PHILADELPHIA, PA"
35,4,"6545 RISING SUN AVE","BETHANY UNITED CHURCH","M","N","6545 RISING SUN AVE PHILADELPHIA, PA"
35,5,"6500 TABOR AVE","PHILA PROTESTANT HOME","F","L","6500 TABOR AVE PHILADELPHIA, PA"
35,6,"ARGYLE & ROBBINS AVE","ST WILLIAMS MEMORIAL HALL","F","L","ARGYLE & ROBBINS AVE PHILADELPHIA, PA"
35,9,"6000 RISING SUN AVE","LAWNCREST LIBRARY","R","N","6000 RISING SUN AVE PHILADELPHIA, PA"
35,10,"RISING SUN AVE & COMLY ST","LAWNCREST RECREATION CENTER","F","H","RISING SUN AVE & COMLY ST PHILADELPHIA, PA"
35,13,"6001 COLGATE ST","PRINCE OF PEACE CHURCH","M","L","6001 COLGATE ST PHILADELPHIA, PA"
35,14,"6150 ALGON AVE","OXFORD VILLAGE HOMES","F","L","6150 ALGON AVE PHILADELPHIA, PA"
35,15,"LANGDON & SANGER STS","NEW FELS HIGH SCHOOL","F","H","LANGDON & SANGER STS PHILADELPHIA, PA"
35,18,"RISING SUN & CHELTENHAM AVES","FRANKLIN SCHOOL","M","L","RISING SUN & CHELTENHAM AVES PHILADELPHIA, PA"
35,23,"SUMMERDALE & GODFREY AVES","HOUSEMAN RECREATION CENTER","F","L","SUMMERDALE & GODFREY AVES PHILADELPHIA, PA"
35,27,"TABOR RD & FOULKROD ST","UNIVERSAL CREIGHTON LSH","M","N","TABOR RD & FOULKROD ST PHILADELPHIA, PA"
35,28,"5577 N HILLCREEK DRIVE","HILL CREEK COMM CTR BLDG 10","M","L","5577 N HILLCREEK DRIVE PHILADELPHIA, PA"
36,1,"19TH & ELLSWORTH STS","CHEW RECREATION CENTER","R","L","19TH & ELLSWORTH STS PHILADELPHIA, PA"
36,2,"1814 WHARTON ST","ST BARNABAS CHURCH","M","N","1814 WHARTON ST PHILADELPHIA, PA"
36,3,"20TH & FEDERAL STS","FIRE ENGINE CO # 24","F","L","20TH & FEDERAL STS PHILADELPHIA, PA"
36,4,"23RD & REED STS","WHARTON SQUARE REC CENTER","F","N","23RD & REED STS PHILADELPHIA, PA"
36,5,"1219 S 21ST ST","ST PAUL CHAPEL BAPTIST CHURCH","M","N","1219 S 21ST ST PHILADELPHIA, PA"
36,6,"22ND & FEDERAL STS","QUEEN MEMORIAL LIBRARY","F","L","22ND & FEDERAL STS PHILADELPHIA, PA"
36,8,"1410 S 20TH ST","MITCHUM WILSON FUNERAL HOME","M","N","1410 S 20TH ST PHILADELPHIA, PA"
36,11,"1700 FERNON ST","THE AQUINAS CENTER","M","N","1700 FERNON ST PHILADELPHIA, PA"
36,12,"2100 DICKINSON ST","POINT BREEZE COURT (PHA)","F","N","2100 DICKINSON ST PHILADELPHIA, PA"
36,13,"22ND & MC CLELLAN STS","MC DANIEL SCHOOL","F","N","22ND & MC CLELLAN STS PHILADELPHIA, PA"
36,14,"28TH & DICKINSON STS","BARRETT NABUURS CENTER","A","N","28TH & DICKINSON STS PHILADELPHIA, PA"
36,22,"26TH & MOORE STS","VARE RECREATION CENTER","F","L","26TH & MOORE STS PHILADELPHIA, PA"
36,23,"1140-46 S 26TH ST","PROGRESSIVE WORSHIP CENTER","M","N","1140-46 S 26TH ST PHILADELPHIA, PA"
36,26,"30TH & OAKFORD ST","FINNEGAN RECREATION CENTER","F","N","30TH & OAKFORD ST PHILADELPHIA, PA"
36,29,"1401 S 16TH ST","REED ST PRESBYTERIAN APTS","M","N","1401 S 16TH ST PHILADELPHIA, PA"
36,30,"3125 REED ST","KINGS FERRY SQUARE COMM ROOM","B","N","3125 REED ST PHILADELPHIA, PA"
36,32,"2707 FEDERAL ST","OFFICE-HANNAH CONSTRUCTION","A","N","2707 FEDERAL ST PHILADELPHIA, PA"
36,34,"1200 S BROAD ST","P.E.P. BUILDING","A","N","1200 S BROAD ST PHILADELPHIA, PA"
36,35,"16TH & WHARTON STS","BARRATT SCHOOL","M","N","16TH & WHARTON STS PHILADELPHIA, PA"
37,1,"2265 N 10TH ST","EBENEZER BAPTIST CHURCH","F","N","2265 N 10TH ST PHILADELPHIA, PA"
37,3,"2411 N 11TH ST","FAIRHILL APTS COMMUNITY CENTER","F","L","2411 N 11TH ST PHILADELPHIA, PA"
37,7,"2701 N 12TH ST","MORRIS CHAPEL BAPT CHURCH","M","N","2701 N 12TH ST PHILADELPHIA, PA"
37,9,"2862 GERMANTOWN AVE","WARNOCK VILLAGE","F","H","2862 GERMANTOWN AVE PHILADELPHIA, PA"
37,10,"12TH & CAMBRIA STS","12TH & CAMBRIA RECREATION CTR","F","L","12TH & CAMBRIA STS PHILADELPHIA, PA"
37,11,"12TH & RUSH STS","MASTERY CLYMER CHARTER SCHOOL","M","L","12TH & RUSH STS PHILADELPHIA, PA"
37,13,"2428 N FAIRHILL ST","EVANGELICAL TEMPLE WORSHIP CTR","R","N","2428 N FAIRHILL ST PHILADELPHIA, PA"
37,14,"8TH & CUMBERLAND STS","HARTRANFT SCHOOL","M","L","8TH & CUMBERLAND STS PHILADELPHIA, PA"
37,15,"2415 GERMANTOWN AVE","HARTRANFT COMM CENTER","M","N","2415 GERMANTOWN AVE PHILADELPHIA, PA"
37,17,"924 W CAMBRIA ST","ST MARKS OUTREACH BAPT CHURCH","M","N","924 W CAMBRIA ST PHILADELPHIA, PA"
37,21,"3018-A N. PERCY ST","COMMUNITY CENTER","M","N","3018-A N. PERCY ST PHILADELPHIA, PA"
38,1,"3226  MC MICHAEL ST","ABBOTTSFORD HOMES","F","L","3226  MC MICHAEL ST PHILADELPHIA, PA"
38,2,"26TH & ALLEGHENY AVE","DEVEREAUX MEMORIAL CHURCH","M","L","26TH & ALLEGHENY AVE PHILADELPHIA, PA"
38,5,"2331 W CLEARFIELD ST","CHRISTIAN FELLOWSHIP CENTER","M","N","2331 W CLEARFIELD ST PHILADELPHIA, PA"
38,6,"27TH & CLEARFIELD STS","SHULER REC CENTER","M","L","27TH & CLEARFIELD STS PHILADELPHIA, PA"
38,7,"29TH & CLEARFIELD STS","E W RHODES SCHOOL","M","L","29TH & CLEARFIELD STS PHILADELPHIA, PA"
38,9,"3416 W ALLEGHENY AVE","CHURCH","M","N","3416 W ALLEGHENY AVE PHILADELPHIA, PA"
38,11,"3001 W SCHOOL HOUSE LA","PENN CHARTER SQUASH COURTS","M","L","3001 W SCHOOL HOUSE LA PHILADELPHIA, PA"
38,12,"3501 MIDVALE AVE","FALLS OF SCHUYLKILL LIBRARY","M","N","3501 MIDVALE AVE PHILADELPHIA, PA"
38,13,"MIDVALE AVE & CONRAD ST","MIFFLIN SCHOOL","M","L","MIDVALE AVE & CONRAD ST PHILADELPHIA, PA"
38,15,"RIDGE & MIDVALE AVE","FIRE ENGINE CO # 35","R","L","RIDGE & MIDVALE AVE PHILADELPHIA, PA"
38,19,"4349 RIDGE AVE","FALLS RIDGE APTS COMM CTR","F","H","4349 RIDGE AVE PHILADELPHIA, PA"
39,1,"8TH & WOLF STS","KEY SCHOOL","N","N","8TH & WOLF STS PHILADELPHIA, PA"
39,2,"2604 S 04TH ST","SEAFARERS UNION HALL","M","N","2604 S 04TH ST PHILADELPHIA, PA"
39,3,"2455 S 03RD ST","OFFICE","N","N","2455 S 03RD ST PHILADELPHIA, PA"
39,4,"927 JOHNSTON ST","MASTERY THOMAS CHARTER SCHOOL","F","N","927 JOHNSTON ST PHILADELPHIA, PA"
39,7,"2ND & SNYDER AVE","WHITMAN BRANCH LIBRARY","M","N","2ND & SNYDER AVE PHILADELPHIA, PA"
39,8,"300 SNYDER AVE","SNYDER AVE CONGREGATION CHURCH","B","N","300 SNYDER AVE PHILADELPHIA, PA"
39,9,"4TH & SNYDER STS","FIRE ENGINE CO # 53","M","L","4TH & SNYDER STS PHILADELPHIA, PA"
39,10,"501 JACKSON ST","JACKSON PLACE","F","H","501 JACKSON ST PHILADELPHIA, PA"
39,13,"4TH & SHUNK STS","MURPHY RECREATION CENTER","N","N","4TH & SHUNK STS PHILADELPHIA, PA"
39,14,"900 PACKER AVE","STADIUM HOLIDAY INN","M","N","900 PACKER AVE PHILADELPHIA, PA"
39,15,"2150 S 03RD ST","IBEW LOCAL UNION HALL","M","N","2150 S 03RD ST PHILADELPHIA, PA"
39,17,"4TH & PORTER STS","TAGGART SCHOOL","M","N","4TH & PORTER STS PHILADELPHIA, PA"
39,18,"830 RITNER ST-REAR","GARAGE","R","N","830 RITNER ST-REAR PHILADELPHIA, PA"
39,21,"2349-51 S FRONT ST","ANTHONYS RESTAURANT","N","N","2349-51 S FRONT ST PHILADELPHIA, PA"
39,23,"2302 S 7TH ST","STORE","B","N","2302 S 7TH ST PHILADELPHIA, PA"
39,25,"13TH & SHUNK STS","FIRE ENGINE CO # 49","M","L","13TH & SHUNK STS PHILADELPHIA, PA"
39,26,"1025-33 MIFFLIN ST","OLD TOLENTINE COMMUNITY CENTER","F","N","1025-33 MIFFLIN ST PHILADELPHIA, PA"
39,30,"BROAD & SNYDER AVE","SOUTH PHILA HIGH SCHOOL","M","H","BROAD & SNYDER AVE PHILADELPHIA, PA"
39,31,"13TH & PORTER STS","JENKS SCHOOL","N","N","13TH & PORTER STS PHILADELPHIA, PA"
39,33,"2601 S 11TH ST","DAYCARE","N","N","2601 S 11TH ST PHILADELPHIA, PA"
39,34,"1030 SNYDER AVE","MAGIC AUTO DETAILING","R","N","1030 SNYDER AVE PHILADELPHIA, PA"
39,45,"1815 S 11TH ST","SO PHILA VIKINGS CLUBHOUSE","B","N","1815 S 11TH ST PHILADELPHIA, PA"
39,46,"BROAD & TASKER STS","P G W BUILDING","M","N","BROAD & TASKER STS PHILADELPHIA, PA"
40,1,"6250 EASTWICK AVE","ROBERT BRADY VETERANS CENTER","M","N","6250 EASTWICK AVE PHILADELPHIA, PA"
40,3,"5701 GRAYS AVE","EZEKIEL BAPTIST CHURCH","A","L","5701 GRAYS AVE PHILADELPHIA, PA"
40,4,"5404 GIBSON DRIVE","BARTRAM VILLAGE OFFICE","F","L","5404 GIBSON DRIVE PHILADELPHIA, PA"
40,5,"2000 S 58TH ST","PRESBYTERIAN APARTMENTS","B","L","2000 S 58TH ST PHILADELPHIA, PA"
40,6,"63RD & ELMWOOD AVE","MORTON SCHOOL","R","L","63RD & ELMWOOD AVE PHILADELPHIA, PA"
40,10,"64TH & PASCHALL AVE","ROCHE POST AMERICAN LEGION","A","N","64TH & PASCHALL AVE PHILADELPHIA, PA"
40,11,"6900 GREENWAY AVE","CATHARINE SCHOOL ANNEX","M","L","6900 GREENWAY AVE PHILADELPHIA, PA"
40,17,"66TH & ELMWOOD AVE","TILDEN MIDDLE SCHOOL","M","L","66TH & ELMWOOD AVE PHILADELPHIA, PA"
40,21,"66TH & CHESTER AVE","CATHARINE SCHOOL","M","L","66TH & CHESTER AVE PHILADELPHIA, PA"
40,22,"70TH & BUIST AVE","PATTERSON SCHOOL","N","N","70TH & BUIST AVE PHILADELPHIA, PA"
40,25,"66TH & REGENT STS","MC CREESH RECREATION CENTER","B","L","66TH & REGENT STS PHILADELPHIA, PA"
40,29,"69TH & GROVERS AVE","FINNEGAN RECREATION CENTER","M","L","69TH & GROVERS AVE PHILADELPHIA, PA"
40,30,"8398 LINDBERGH BLVD","ST PAULS AME CHURCH","M","H","8398 LINDBERGH BLVD PHILADELPHIA, PA"
40,32,"2406 S 71ST ST","DAYCARE","M","L","2406 S 71ST ST PHILADELPHIA, PA"
40,33,"6942 WOODLAND AVE","PASCHALLVILLE LIBRARY","N","L","6942 WOODLAND AVE PHILADELPHIA, PA"
40,34,"7200 WOODLAND AVE","PASCHALLVILLE HOMES COMM CTR","F","N","7200 WOODLAND AVE PHILADELPHIA, PA"
40,35,"2500 S 77TH ST","CIBOTTI RECREATION CENTER","F","L","2500 S 77TH ST PHILADELPHIA, PA"
40,36,"2851 ISLAND AVE","EASTWICK LIBRARY","R","L","2851 ISLAND AVE PHILADELPHIA, PA"
40,37,"7537 DICKENS PLACE","RESIDENCE","R","N","7537 DICKENS PLACE PHILADELPHIA, PA"
40,38,"80TH & MARS PLACE","EASTWICK RECREATION CENTER","M","L","80TH & MARS PLACE PHILADELPHIA, PA"
40,41,"2535 S 73RD ST","RESIDENCE","F","L","2535 S 73RD ST PHILADELPHIA, PA"
40,42,"78TH & ESTE AVE","PENROSE SCHOOL","M","L","78TH & ESTE AVE PHILADELPHIA, PA"
40,49,"3049 S 74TH ST","GARAGE","F","L","3049 S 74TH ST PHILADELPHIA, PA"
40,50,"7199 BRANT PLACE","UNICO VILLAGE OFFICE","M","L","7199 BRANT PLACE PHILADELPHIA, PA"
41,1,"TORRESDALE & CHELTENHAM AVES","MOSS RECREATION CENTER","F","N","TORRESDALE & CHELTENHAM AVES PHILADELPHIA, PA"
41,3,"TORRESDALE & CHELTENHAM AVE","MOSS RECREATION CENTER","F","N","TORRESDALE & CHELTENHAM AVE PHILADELPHIA, PA"
41,4,"TORRESDALE AVE & DEVEREAUX","AMERICAN LEGION REC CENTER","F","L","TORRESDALE AVE & DEVEREAUX PHILADELPHIA, PA"
41,5,"JACKSON & VAN KIRK STS","FIRE ENGINE CO # 52","M","L","JACKSON & VAN KIRK STS PHILADELPHIA, PA"
41,6,"6309 TORRESDALE AVE","MC CULLOUGH UNION HALL","M","L","6309 TORRESDALE AVE PHILADELPHIA, PA"
41,9,"6101 JACKSON ST","LAWTON SCHOOL","F","L","6101 JACKSON ST PHILADELPHIA, PA"
41,11,"7001 TORRESDALE AVE","HOLY INNOCENTS CHURCH","M","L","7001 TORRESDALE AVE PHILADELPHIA, PA"
41,13,"MAGEE & KEYSTONE STS","FIRE ENGINE CO # 38","F","H","MAGEE & KEYSTONE STS PHILADELPHIA, PA"
41,15,"6934 TORRESDALE AVE","MARIE HUFF HAIRDRESSING","M","N","6934 TORRESDALE AVE PHILADELPHIA, PA"
41,16,"COTTMAN & TORRESDALE AVES","ST HUBERTS HIGH SCHOOL","R","N","COTTMAN & TORRESDALE AVES PHILADELPHIA, PA"
41,17,"4741 FRIENDSHIP ST","TACONY MAYFAIR SONS OF ITALY","M","N","4741 FRIENDSHIP ST PHILADELPHIA, PA"
41,18,"COTTMAN AVE & ERDRICK ST","LUTH CHURCH OF GOOD SHEPHERD","B","L","COTTMAN AVE & ERDRICK ST PHILADELPHIA, PA"
41,22,"4343 PRINCETON AVE","KIDDY KOTTAGE DAYCARE CENTER","M","N","4343 PRINCETON AVE PHILADELPHIA, PA"
41,23,"COTTAGE & BLEIGH STS","FORREST LITTLE SCHOOL HOUSE","F","L","COTTAGE & BLEIGH STS PHILADELPHIA, PA"
42,1,"4501 G ST","CITY SIGN SHOP","F","H","4501 G ST PHILADELPHIA, PA"
42,2,"B & WYOMING STS","BARTON SCHOOL","M","L","B & WYOMING STS PHILADELPHIA, PA"
42,3,"169 W WYOMING AVE","BETHEL WORSHIP CENTER","A","N","169 W WYOMING AVE PHILADELPHIA, PA"
42,4,"4344 N 05TH ST","CAYUGA SCHOOL","M","N","4344 N 05TH ST PHILADELPHIA, PA"
42,6,"B ST & WYOMING AVE","WYOMING BRANCH LIBRARY","M","L","B ST & WYOMING AVE PHILADELPHIA, PA"
42,8,"238 E WYOMING AVE","FELTONVILLE INTERMED SCHOOL","M","N","238 E WYOMING AVE PHILADELPHIA, PA"
42,12,"FRONT & DUNCANNON STS","ASPIRA OLNEY CHARTER SCHOOL","A","L","FRONT & DUNCANNON STS PHILADELPHIA, PA"
42,13,"5111 N 04TH ST","MORRISON SCHOOL","M","L","5111 N 04TH ST PHILADELPHIA, PA"
42,14,"425 E ROOSEVELT BLVD","NEW LIFE PRESBYTERIAN CHURCH","M","L","425 E ROOSEVELT BLVD PHILADELPHIA, PA"
42,15,"401 E TABOR ROAD","INTNL CHRISTIAN HIGH SCHOOL","F","L","401 E TABOR ROAD PHILADELPHIA, PA"
42,18,"401 E TABOR RD","TRIUMPHANT FAITH ICSH BUILDING","F","L","401 E TABOR RD PHILADELPHIA, PA"
42,19,"B & GALE STS","ZIEHLER RECREATION CENTER","M","L","B & GALE STS PHILADELPHIA, PA"
42,23,"801 E HUNTING PARK AVE","JUNIATA PARK ACADEMY","M","N","801 E HUNTING PARK AVE PHILADELPHIA, PA"
42,24,"200 W TABOR ROAD","GODS CHURCH BY THE FAITH","M","L","200 W TABOR ROAD PHILADELPHIA, PA"
42,25,"5TH & TABOR RD","GREATER OLNEY BRANCH LIBRARY","M","N","5TH & TABOR RD PHILADELPHIA, PA"
43,1,"4244 OLD YORK RD","EL SHADDEI CHURCH","M","L","4244 OLD YORK RD PHILADELPHIA, PA"
43,2,"4417 N 06TH ST","ESPERANZA HEALTH CENTER","M","N","4417 N 06TH ST PHILADELPHIA, PA"
43,4,"1001 W HUNTING PARK AVE","HUNTING PARK REC CENTER","M","N","1001 W HUNTING PARK AVE PHILADELPHIA, PA"
43,7,"10TH & PIKE STS","LENFEST CENTER","M","N","10TH & PIKE STS PHILADELPHIA, PA"
43,9,"OLD YORK RD & ONTARIO ST","BETHUNE SCHOOL","M","L","OLD YORK RD & ONTARIO ST PHILADELPHIA, PA"
43,11,"RANDOLPH & ERIE AVE","TAYLOR SCHOOL","R","L","RANDOLPH & ERIE AVE PHILADELPHIA, PA"
43,22,"BROAD & ERIE AVE","P G W BUILDING","F","L","BROAD & ERIE AVE PHILADELPHIA, PA"
43,24,"3949 N BROAD ST","CHAMPION LEARNING CENTER","M","N","3949 N BROAD ST PHILADELPHIA, PA"
44,1,"1323 N 52ND ST","BIBLEWAY BAPTIST CHURCH","M","N","1323 N 52ND ST PHILADELPHIA, PA"
44,5,"4916 LANCASTER AVE","REFUGE BAPTIST CHURCH","M","N","4916 LANCASTER AVE PHILADELPHIA, PA"
44,6,"50 N 52ND ST","ANTIOCH UNIVERSAL CHURCH","R","N","50 N 52ND ST PHILADELPHIA, PA"
44,7,"5437 WYALUSING AVE","HADDINGTON TOWNHOMES COMM CTR","M","L","5437 WYALUSING AVE PHILADELPHIA, PA"
44,8,"4901 CHESTNUT ST","WEST PHILA HIGH SCHOOL","F","H","4901 CHESTNUT ST PHILADELPHIA, PA"
44,9,"48TH & FAIRMOUNT AVE","PARKWAY SCHOOL","R","N","48TH & FAIRMOUNT AVE PHILADELPHIA, PA"
44,10,"50TH & PARRISH STS","RHOADS SCHOOL","F","L","50TH & PARRISH STS PHILADELPHIA, PA"
44,13,"400 N 50TH ST","KATIE JACKSON HOMES(PHA)","F","L","400 N 50TH ST PHILADELPHIA, PA"
44,16,"51ST & RENO STS","WEST MILL CREEK REC CENTER","R","L","51ST & RENO STS PHILADELPHIA, PA"
45,1,"4601 RICHMOND ST","BRIDESBURG RECREATION CENTER","M","L","4601 RICHMOND ST PHILADELPHIA, PA"
45,2,"2330 MARGARET ST","ST VALENTINES CHURCH","N","N","2330 MARGARET ST PHILADELPHIA, PA"
45,4,"4415 ALMOND ST","ST JOHN CANTIUS SCHOOL","M","N","4415 ALMOND ST PHILADELPHIA, PA"
45,5,"GAUL & TIOGA STS","SAMUELS RECREATION CENTER","R","L","GAUL & TIOGA STS PHILADELPHIA, PA"
45,7,"BELGRADE & ONTARIO STS","FIRE ENGINE CO # 28","M","L","BELGRADE & ONTARIO STS PHILADELPHIA, PA"
45,8,"FRANKFORD AVE & ONTARIO ST","WEBSTER LITTLE SCHOOLHOUSE","M","L","FRANKFORD AVE & ONTARIO ST PHILADELPHIA, PA"
45,13,"CASTOR & AMBER STS","HEITZMAN RECREATION CENTER","R","N","CASTOR & AMBER STS PHILADELPHIA, PA"
45,14,"2301 E ALLEGHENY AVE","SCHOOL OF NURSING","M","L","2301 E ALLEGHENY AVE PHILADELPHIA, PA"
45,15,"E WESTMORELAND & ALMOND STS","GLAVIN RECREATION CENTER","R","N","E WESTMORELAND & ALMOND STS PHILADELPHIA, PA"
45,18,"KENSINGTON & CASTOR AVES","FIRE ENGINE CO # 07","M","L","KENSINGTON & CASTOR AVES PHILADELPHIA, PA"
45,22,"2645 E WESTMORELAND ST","OFFICE","R","N","2645 E WESTMORELAND ST PHILADELPHIA, PA"
45,23,"2843 ORTHODOX ST","POINT NO POINT CLUB","B","N","2843 ORTHODOX ST PHILADELPHIA, PA"
45,24,"TIOGA & GAUL STS","SAMUELS RECREATION CENTER","R","L","TIOGA & GAUL STS PHILADELPHIA, PA"
46,1,"4523-31 CHESTER AVE","ELMWOOD COMMUNITY METH CHURCH","A","L","4523-31 CHESTER AVE PHILADELPHIA, PA"
46,2,"4701 PINE ST","GARDEN COURT PLAZA","F","L","4701 PINE ST PHILADELPHIA, PA"
46,3,"509 S 52ND ST","DIVINE CREATIONS UNISEX SALON","R","N","509 S 52ND ST PHILADELPHIA, PA"
46,4,"533 S 52ND ST","TRAINING CENTER","M","N","533 S 52ND ST PHILADELPHIA, PA"
46,5,"5501 CEDAR AVE","BOYS LATIN CHARTER SCHOOL","A","L","5501 CEDAR AVE PHILADELPHIA, PA"
46,7,"47TH & LOCUST STS","LEA SCHOOL","M","N","47TH & LOCUST STS PHILADELPHIA, PA"
46,8,"4703 KINGSESSING AVE","RENAISSANCE HEALTHCARE CENTER","M","L","4703 KINGSESSING AVE PHILADELPHIA, PA"
46,9,"4828 BALTIMORE AVE","HAIR SALON","F","N","4828 BALTIMORE AVE PHILADELPHIA, PA"
46,11,"53RD & BALTIMORE AVE","HARRINGTON SCHOOL","M","L","53RD & BALTIMORE AVE PHILADELPHIA, PA"
46,12,"56TH & CHRISTIAN STS","CHRISTY RECREATION CENTER","F","L","56TH & CHRISTIAN STS PHILADELPHIA, PA"
46,17,"4800 BALTIMORE AVE","THE GOLD STANDARD RESTAURANT","M","N","4800 BALTIMORE AVE PHILADELPHIA, PA"
46,23,"4508 SANSOM ST","SANSOM HOUSE SR LIVING","F","L","4508 SANSOM ST PHILADELPHIA, PA"
47,1,"1510 W STILES ST","CHURCH OF FAITH & DELIVERANCE","M","N","1510 W STILES ST PHILADELPHIA, PA"
47,3,"16TH & JEFFERSON STS","AME UNION METHODIST CHURCH","M","N","16TH & JEFFERSON STS PHILADELPHIA, PA"
47,4,"1628 W MASTER ST","NAT'L TEMPLE BAPTIST CHURCH","M","L","1628 W MASTER ST PHILADELPHIA, PA"
47,6,"1510-1514 W OXFORD ST","NO PHILA 7TH DAY ADVENTIST","F","N","1510-1514 W OXFORD ST PHILADELPHIA, PA"
47,7,"18TH & OXFORD STS","MEADE SCHOOL","M","N","18TH & OXFORD STS PHILADELPHIA, PA"
47,9,"1710 N CROSKEY ST","BENTLEY HALL (PHA)","M","L","1710 N CROSKEY ST PHILADELPHIA, PA"
48,2,"1920 S 20TH ST","DIXON HOUSE COMMUNITY CENTER","F","L","1920 S 20TH ST PHILADELPHIA, PA"
48,4,"1928 POINT BREEZE AVE","PREPARATORY CHARTER SCHOOL","F","L","1928 POINT BREEZE AVE PHILADELPHIA, PA"
48,7,"2600 MOORE ST","ST JOHN NEUMANN PLACE","F","H","2600 MOORE ST PHILADELPHIA, PA"
48,8,"2301 SNYDER AVE","YESHA WORSHIP CENTER","M","N","2301 SNYDER AVE PHILADELPHIA, PA"
48,9,"24TH & JACKSON STS","UNIVERSAL VARE CHARTER SCHOOL","A","L","24TH & JACKSON STS PHILADELPHIA, PA"
48,11,"1905 VARE AVE","PHA PRE APPRENTICE PROGRAM","F","L","1905 VARE AVE PHILADELPHIA, PA"
48,18,"1930 S BROAD ST","CONSTITUTION HEALTH PLAZA","F","N","1930 S BROAD ST PHILADELPHIA, PA"
48,21,"2506 JACKSON ST","WILSON PARK HOMES","F","L","2506 JACKSON ST PHILADELPHIA, PA"
49,1,"4521 N 05TH ST","PAN AMERICAN CLINIC","R","N","4521 N 05TH ST PHILADELPHIA, PA"
49,2,"5501 N 11TH ST","COMMUNITY HOUSE APTS","M","L","5501 N 11TH ST PHILADELPHIA, PA"
49,3,"1300 W GODFREY AVE","COMMUNITY COLL OF PHILA NW","F","H","1300 W GODFREY AVE PHILADELPHIA, PA"
49,4,"OLD YORK ROAD & LOUDEN ST","COOKE MIDDLE SCHOOL","M","L","OLD YORK ROAD & LOUDEN ST PHILADELPHIA, PA"
49,5,"4541 N BROAD ST","BELOVED ST JOHN CHURCH","N","N","4541 N BROAD ST PHILADELPHIA, PA"
49,6,"12TH & OAKLANE AVE","OAK LANE LIBRARY","A","L","12TH & OAKLANE AVE PHILADELPHIA, PA"
49,7,"10TH ST & CHEW AVE","CHERASHORE RECREATION CENTER","M","L","10TH ST & CHEW AVE PHILADELPHIA, PA"
49,8,"OAKLANE & N 11TH ST","OAKLANE PRESBYTERIAN CHURCH","M","L","OAKLANE & N 11TH ST PHILADELPHIA, PA"
49,9,"5110 N 6TH ST","PHILLIPPIAN GARDENS","M","L","5110 N 6TH ST PHILADELPHIA, PA"
49,10,"9TH & LINDLEY STS","BIRNEY PREP ACADEMY","M","L","9TH & LINDLEY STS PHILADELPHIA, PA"
49,14,"8TH & DUNCANNON STS","BARRETT RECREATION CENTER","M","L","8TH & DUNCANNON STS PHILADELPHIA, PA"
49,17,"1301 W RUSCOMB ST","SECOND MACEDONIA CHURCH","M","L","1301 W RUSCOMB ST PHILADELPHIA, PA"
49,18,"908 W GODFREY AVE","LEE'S MONUMENTS","M","N","908 W GODFREY AVE PHILADELPHIA, PA"
49,21,"5325 OLD YORK ROAD","YORK HOUSE SOUTH","F","L","5325 OLD YORK ROAD PHILADELPHIA, PA"
50,1,"PROVIDENT & GOWEN AVE","EMANUEL RECREATION CENTER","F","L","PROVIDENT & GOWEN AVE PHILADELPHIA, PA"
50,2,"MT PLEASANT & WOOLSTON AVES","LEEDS SCHOOL","M","L","MT PLEASANT & WOOLSTON AVES PHILADELPHIA, PA"
50,3,"SEDGWICK & THOURON STS","F S EDMONDS SCHOOL","M","L","SEDGWICK & THOURON STS PHILADELPHIA, PA"
50,9,"STENTON & GOWEN AVES","OXFORD PRESBYTERIAN CHURCH","B","L","STENTON & GOWEN AVES PHILADELPHIA, PA"
50,10,"PROVIDENT & GOWEN AVES","EMANUEL RECREATION CENTER","F","L","PROVIDENT & GOWEN AVES PHILADELPHIA, PA"
50,13,"7909 OGONTZ AVENUE","TERRYS BARBER SHOP","M","N","7909 OGONTZ AVENUE PHILADELPHIA, PA"
50,14,"1215 E VERNON ROAD","REFORMATION LUTHERAN CHURCH","F","N","1215 E VERNON ROAD PHILADELPHIA, PA"
50,16,"76TH & OGONTZ AVE","FIRE ENGINE CO # 73","M","L","76TH & OGONTZ AVE PHILADELPHIA, PA"
50,25,"7708 OGONTZ AVENUE","REMNANT CHURCH OF GOD","M","N","7708 OGONTZ AVENUE PHILADELPHIA, PA"
50,26,"7501 OGONTZ AVE","PHILA DELIVERANCE TABERNACLE","R","L","7501 OGONTZ AVE PHILADELPHIA, PA"
50,28,"7210-12 OGONTZ AVE","WEST OAKLANE OLDER ADULT CTR","M","L","7210-12 OGONTZ AVE PHILADELPHIA, PA"
50,29,"1448 GREENWOOD AVE","EL SHADDAI WORD CENTER CHURCH","N","N","1448 GREENWOOD AVE PHILADELPHIA, PA"
51,2,"1201 S 51ST ST","KINGSESSING LIBRARY","M","N","1201 S 51ST ST PHILADELPHIA, PA"
51,10,"5300 CHESTER AVE","HOLY FAMILY HALL","M","L","5300 CHESTER AVE PHILADELPHIA, PA"
51,12,"5220 WHITBY AVE","VICTORY CHRISTIAN CENTER","M","H","5220 WHITBY AVE PHILADELPHIA, PA"
51,14,"52ND & WILLOWS AVE","FIRE ENGINE CO # 68","F","L","52ND & WILLOWS AVE PHILADELPHIA, PA"
51,21,"56TH & KINGSESSING AVE","MITCHELL SCHOOL","M","L","56TH & KINGSESSING AVE PHILADELPHIA, PA"
52,1,"4950 PARKSIDE AVE","PARK AVE BANQUET HALL","M","N","4950 PARKSIDE AVE PHILADELPHIA, PA"
52,2,"3600 CONSHOHOCKEN AVE","RIVER PARK HOUSE APTS","M","L","3600 CONSHOHOCKEN AVE PHILADELPHIA, PA"
52,3,"4001 CONSHOHOCKEN AVE","PARK TOWER APTS","F","L","4001 CONSHOHOCKEN AVE PHILADELPHIA, PA"
52,4,"3701 CONSHOHOCKEN AVE","DUFFIELD HOUSE","M","L","3701 CONSHOHOCKEN AVE PHILADELPHIA, PA"
52,5,"57TH & WYNNEFIELD AVE","GOMPERS SCHOOL","N","N","57TH & WYNNEFIELD AVE PHILADELPHIA, PA"
52,6,"3939 CONSHOHOCKEN AVE","BRITH SHOLOM HOUSE","F","L","3939 CONSHOHOCKEN AVE PHILADELPHIA, PA"
52,9,"2101 BELMONT AVE","SIMPSON HOUSE","B","L","2101 BELMONT AVE PHILADELPHIA, PA"
52,10,"3900 FORD RD","PARK PLAZA CONDOS-WEST LOBBY","M","H","3900 FORD RD PHILADELPHIA, PA"
52,11,"2600 BELMONT AVE","INGLIS HOUSE (FOUNDERS HALL)","F","H","2600 BELMONT AVE PHILADELPHIA, PA"
52,13,"4910 WYNNEFIELD AVE","SETTLEMENT MUSIC SCHOOL","F","L","4910 WYNNEFIELD AVE PHILADELPHIA, PA"
52,14,"5301 OVERBROOK AVE","JOHN C ANDERSON CULTURE CTR","M","L","5301 OVERBROOK AVE PHILADELPHIA, PA"
52,15,"54TH & WYNNEFIELD AVE","PINN MEMORIAL BAPTIST CHURCH","M","L","54TH & WYNNEFIELD AVE PHILADELPHIA, PA"
52,16,"5219 WYNNEFIELD AVE","FAIRVIEW ARMS APTS","R","L","5219 WYNNEFIELD AVE PHILADELPHIA, PA"
52,17,"5100 LEBANON AVE","BRYN MAWR SUITES","R","L","5100 LEBANON AVE PHILADELPHIA, PA"
52,18,"5359 LEBANON AVE","ST BARBARA'S CHURCH","M","H","5359 LEBANON AVE PHILADELPHIA, PA"
52,20,"59TH & MALVERN AVE","BEEBER MIDDLE SCHOOL","M","L","59TH & MALVERN AVE PHILADELPHIA, PA"
52,21,"53RD & PARKSIDE AVE","PARKSIDE EVANS RECREATION CTR","F","L","53RD & PARKSIDE AVE PHILADELPHIA, PA"
52,22,"1717 N 54TH ST","WYNNEFIELD PLACE","F","H","1717 N 54TH ST PHILADELPHIA, PA"
52,25,"5478 ARLINGTON ST","CHURCH OFFICE","M","N","5478 ARLINGTON ST PHILADELPHIA, PA"
53,1,"FRONTENAC & DEVEREAUX AVE","CARNELL LITTLE SCHOOLHOUSE","R","N","FRONTENAC & DEVEREAUX AVE PHILADELPHIA, PA"
53,4,"ROBBINS AVE & FRONTENAC ST","TARKEN RECREATION CENTER","M","L","ROBBINS AVE & FRONTENAC ST PHILADELPHIA, PA"
53,9,"1009 UNRUH AVE","ST THOMAS INDIAN ORTHODOX CHUR","M","L","1009 UNRUH AVE PHILADELPHIA, PA"
53,10,"6304 CASTOR AVE","BUSHROD LIBRARY","F","N","6304 CASTOR AVE PHILADELPHIA, PA"
53,13,"SUMMERDALE & LONGSHORE AVES","HAMPTON MOORE SCHOOL","F","L","SUMMERDALE & LONGSHORE AVES PHILADELPHIA, PA"
53,17,"7048 CASTOR AVE","TREE OF LIFE CLINIC","F","N","7048 CASTOR AVE PHILADELPHIA, PA"
53,18,"COTTMAN & ALGON AVES","NORTHEAST HIGH SCHOOL","M","L","COTTMAN & ALGON AVES PHILADELPHIA, PA"
53,20,"PENNWAY & COTTMAN AVE","JARDEL RECREATION CENTER//REAR","M","L","PENNWAY & COTTMAN AVE PHILADELPHIA, PA"
53,21,"COTTMAN & LAWNDALE AVES","UNITED METH CHURCH OF REDEEMER","M","L","COTTMAN & LAWNDALE AVES PHILADELPHIA, PA"
54,1,"LEVICK & HORROCKS STS","SPRUANCE LITTLE SCHOOLHOUSE","M","L","LEVICK & HORROCKS STS PHILADELPHIA, PA"
54,4,"1601 HELLERMAN ST","MAX MYERS RECREATION CENTER","A","L","1601 HELLERMAN ST PHILADELPHIA, PA"
54,6,"6501 BUSTLETON AVE","GREEK ORTHODOX CHURCH","B","L","6501 BUSTLETON AVE PHILADELPHIA, PA"
54,8,"2228 COTTMAN AVE","NORTHEAST REGIONAL LIBRARY","M","L","2228 COTTMAN AVE PHILADELPHIA, PA"
54,14,"TYSON & HORROCKS STS","SOLIS COHEN LITTLE SCHOOLHOUSE","M","L","TYSON & HORROCKS STS PHILADELPHIA, PA"
54,15,"TYSON & HORROCKS ST","SOLIS COHEN SCHOOL","M","L","TYSON & HORROCKS ST PHILADELPHIA, PA"
55,1,"6025 ERDRICK ST","RESIDENCE","B","N","6025 ERDRICK ST PHILADELPHIA, PA"
55,3,"6325 FRANKFORD AVE","OLD DEVON THEATRE STORE # 2","M","N","6325 FRANKFORD AVE PHILADELPHIA, PA"
55,4,"HELLERMAN & WALKER STS","ROOSEVELT RECREATION CENTER","F","L","HELLERMAN & WALKER STS PHILADELPHIA, PA"
55,8,"3201 MAGEE AVE","HAIR SALON","N","N","3201 MAGEE AVE PHILADELPHIA, PA"
55,9,"3001 LEVICK ST","ST TIMOTHYS SCHOOL","M","L","3001 LEVICK ST PHILADELPHIA, PA"
55,10,"ROBBINS & HAWTHORNE","LOWER MAYFAIR REC CENTER","F","L","ROBBINS & HAWTHORNE PHILADELPHIA, PA"
55,11,"TYSON AVE & SACKETT ST","ST JOHNS CHURCH","M","L","TYSON AVE & SACKETT ST PHILADELPHIA, PA"
55,14,"ROBBINS AVE & HAWTHORNE ST","LOWER MAYFAIR REC CENTER","F","L","ROBBINS AVE & HAWTHORNE ST PHILADELPHIA, PA"
55,16,"HAWTHORNE & PRINCETON AVE","MAYFAIR SCHOOL","A","L","HAWTHORNE & PRINCETON AVE PHILADELPHIA, PA"
55,21,"ROWLAND AVE & WELLINGTON ST","CHURCH OF GRACE TO FUJIANESE","M","L","ROWLAND AVE & WELLINGTON ST PHILADELPHIA, PA"
55,25,"COTTAGE & UNRUH STS","VOGT RECREATION CENTER","F","L","COTTAGE & UNRUH STS PHILADELPHIA, PA"
55,28,"6820 JACKSON ST","ST PETRI'S LUTHERAN CHURCH","M","L","6820 JACKSON ST PHILADELPHIA, PA"
56,1,"2218 GLENDALE AVE","STOREFRONT","M","N","2218 GLENDALE AVE PHILADELPHIA, PA"
56,2,"CASTOR AVE & BORBECK ST","RHAWNHURST SCHOOL","A","L","CASTOR AVE & BORBECK ST PHILADELPHIA, PA"
56,3,"COTTMAN & LORETTO AVES","WILSON SCHOOL","M","L","COTTMAN & LORETTO AVES PHILADELPHIA, PA"
56,4,"COTTMAN & ALGON AVE","NORTHEAST HIGH SCHOOL","M","L","COTTMAN & ALGON AVE PHILADELPHIA, PA"
56,5,"1330 RHAWN ST","TACONY ACADEMY CHARTER SCHOOL","A","L","1330 RHAWN ST PHILADELPHIA, PA"
56,6,"1304 RHAWN ST","GLORIA DEI ESTATES","F","L","1304 RHAWN ST PHILADELPHIA, PA"
56,7,"1013 COTTMAN AVE","IMMANUEL LUTHERAN CHURCH","R","N","1013 COTTMAN AVE PHILADELPHIA, PA"
56,8,"1225 COTTMAN AVE","COLLISION CARE GARAGE REAR","M","L","1225 COTTMAN AVE PHILADELPHIA, PA"
56,9,"1400 ALDINE ST","RESIDENCE","N","L","1400 ALDINE ST PHILADELPHIA, PA"
56,10,"7701 LORETTO AVE","RHAWNHURST PRESBYTER CHURCH","M","L","7701 LORETTO AVE PHILADELPHIA, PA"
56,12,"BUSTLETON & SOLLY AVES","PALBANO RECREATION CENTER","M","H","BUSTLETON & SOLLY AVES PHILADELPHIA, PA"
56,14,"7328 CASTOR AVE","LEE'S HOAGIE HOUSE","B","N","7328 CASTOR AVE PHILADELPHIA, PA"
56,15,"2031 VISTA ST","VISCONTO'S FUNERAL HOME","M","L","2031 VISTA ST PHILADELPHIA, PA"
56,22,"2101 STRAHLE ST","SAMUEL TABAS HOUSE","F","H","2101 STRAHLE ST PHILADELPHIA, PA"
56,23,"CASTOR AVE & FOX CHASE RD","FARRELL SCHOOL","A","L","CASTOR AVE & FOX CHASE RD PHILADELPHIA, PA"
56,26,"8500 BUSTLETON AVE","JACKS DELI","F","L","8500 BUSTLETON AVE PHILADELPHIA, PA"
56,29,"8900 ROOSEVELT BLVD","ROBERT SALIGMAN HOUSE","F","L","8900 ROOSEVELT BLVD PHILADELPHIA, PA"
56,30,"9151 OLD NEWTOWN ROAD","AMERICAN LEGION POST 810","M","L","9151 OLD NEWTOWN ROAD PHILADELPHIA, PA"
56,33,"SHELMIRE & SUMMERDALE AVE","CHURCH OF THE NAZARENE","F","N","SHELMIRE & SUMMERDALE AVE PHILADELPHIA, PA"
56,34,"7600 ROOSEVELT BLVD","VALMONT TOWERS CONDOS","F","L","7600 ROOSEVELT BLVD PHILADELPHIA, PA"
56,38,"2301 TREMONT ST","ST REGIS APTS","M","L","2301 TREMONT ST PHILADELPHIA, PA"
57,1,"9151 ACADEMY ROAD","PENN CRISP GYM","F","L","9151 ACADEMY ROAD PHILADELPHIA, PA"
57,2,"GRANT & ACADEMY RD","AVIATION INSTITUTE","F","L","GRANT & ACADEMY RD PHILADELPHIA, PA"
57,3,"2990 HOLME AVE","IMMACULATE MARY CENTER","M","H","2990 HOLME AVE PHILADELPHIA, PA"
57,4,"2425 WELSH ROAD","BILL'S DELI","F","L","2425 WELSH ROAD PHILADELPHIA, PA"
57,5,"WELSH RD & ROOSEVELT BLVD","WELSH ROAD BRANCH LIBRARY","F","L","WELSH RD & ROOSEVELT BLVD PHILADELPHIA, PA"
57,7,"2555 WELSH ROAD","THE ATRIUM APTS","M","N","2555 WELSH ROAD PHILADELPHIA, PA"
57,8,"WELSH RD & TOLBUT ST","POLLOCK SCHOOL","A","L","WELSH RD & TOLBUT ST PHILADELPHIA, PA"
57,11,"9222 HORATIO ROAD","RESIDENCE","B","N","9222 HORATIO ROAD PHILADELPHIA, PA"
57,12,"HOLME & CONVENT AVE","CRISPIN GARDENS MEETING ROOM","M","L","HOLME & CONVENT AVE PHILADELPHIA, PA"
57,17,"8724 CRISPIN ST","PENNYPACK WOODS HOMES ASSOC","M","H","8724 CRISPIN ST PHILADELPHIA, PA"
57,22,"FRANKFORD AVE & EDEN ST","TORRESDALE RECREATION CENTER","R","L","FRANKFORD AVE & EDEN ST PHILADELPHIA, PA"
58,1,"808 RED LION ROAD","BETHESDA PRESBYTERIAN CHURCH","M","L","808 RED LION ROAD PHILADELPHIA, PA"
58,2,"BUSTLETON AVE & TOMLINSON RD","LOESCHE SCHOOL","M","L","BUSTLETON AVE & TOMLINSON RD PHILADELPHIA, PA"
58,3,"10400 ROOSEVELT BLVD","ST JOHN NEUMANN CENTER","M","L","10400 ROOSEVELT BLVD PHILADELPHIA, PA"
58,4,"SOUTHAMPTON & WORTHINGTON RDS","IMMANUEL LUTHERAN CHURCH","B","L","SOUTHAMPTON & WORTHINGTON RDS PHILADELPHIA, PA"
58,5,"13500 PHILMONT AVE","CALVARY CHAPEL","F","H","13500 PHILMONT AVE PHILADELPHIA, PA"
58,6,"11047 BUSTLETON AVE","PHILA KOREAN REFORM CHURCH","F","L","11047 BUSTLETON AVE PHILADELPHIA, PA"
58,8,"BUSTLETON AVE & VERREE RD","WASHINGTON HIGH SCHOOL","M","L","BUSTLETON AVE & VERREE RD PHILADELPHIA, PA"
58,9,"608 WELSH RD","ST THOMAS SYRO MALABAR CHURCH","F","H","608 WELSH RD PHILADELPHIA, PA"
58,10,"CHESWORTH & BARTLETT STS","LACKMAN RECREATION CENTER","M","L","CHESWORTH & BARTLETT STS PHILADELPHIA, PA"
58,11,"BOWLER & HOFF STS","ANNE FRANK SCHOOL","M","L","BOWLER & HOFF STS PHILADELPHIA, PA"
58,16,"9832 REDD RAMBLER ROAD","RESIDENCE","M","L","9832 REDD RAMBLER ROAD PHILADELPHIA, PA"
58,19,"1619 GRANT AVE","RANDI'S RESTAURANT","F","H","1619 GRANT AVE PHILADELPHIA, PA"
58,20,"13200 TREVOSE RD","SOMERTON METHODIST CHURCH","A","L","13200 TREVOSE RD PHILADELPHIA, PA"
58,22,"13021 WORTHINGTON RD","FELLOWSHIP BIBLE CHURCH","M","L","13021 WORTHINGTON RD PHILADELPHIA, PA"
58,23,"ROOSEVELT BLVD & CONWELL AVE","HAYES REC CENTER","F","L","ROOSEVELT BLVD & CONWELL AVE PHILADELPHIA, PA"
58,24,"1400 SOUTHAMPTON RD","SOMERTON YOUTH ORGANIZATION","F","L","1400 SOUTHAMPTON RD PHILADELPHIA, PA"
58,35,"12003 BUSTLETON AVE","SHALOM ARBOR HOUSE","F","L","12003 BUSTLETON AVE PHILADELPHIA, PA"
58,44,"9896 BUSTLETON AVE","PAULS RUN","F","H","9896 BUSTLETON AVE PHILADELPHIA, PA"
59,1,"STENTON AVE & HAINES ST","M L KING HIGH SCHOOL","F","L","STENTON AVE & HAINES ST PHILADELPHIA, PA"
59,2,"ARDLEIGH & HAINES ST","AWBURY RECREATION CENTER","F","L","ARDLEIGH & HAINES ST PHILADELPHIA, PA"
59,4,"ARDLEIGH & HAINES STS","AWBURY RECREATION CENTER","F","L","ARDLEIGH & HAINES STS PHILADELPHIA, PA"
59,5,"RITTENHOUSE & MC MAHON STS","WATERVIEW RECREATION CENTER","A","L","RITTENHOUSE & MC MAHON STS PHILADELPHIA, PA"
59,6,"5920 MORTON ST","MORTON HOMES (PHA)","M","L","5920 MORTON ST PHILADELPHIA, PA"
59,10,"512 E DUVAL ST@MUSGRAVE","AWBURYVIEW APT COMPLEX-BLDG 18","M","N","512 E DUVAL ST@MUSGRAVE PHILADELPHIA, PA"
59,12,"MORTON & JOHNSON STS","MALLERY RECREATION CENTER","F","L","MORTON & JOHNSON STS PHILADELPHIA, PA"
59,15,"6019 GERMANTOWN AVE","FIRST UNITED METHODIST CHURCH","F","L","6019 GERMANTOWN AVE PHILADELPHIA, PA"
59,17,"5700 WAYNE AVE","MASTERY PICKETT CHARTER SCHOOL","M","H","5700 WAYNE AVE PHILADELPHIA, PA"
59,19,"68 W CHELTEN AVE","COLEMAN REGIONAL LIBRARY","M","N","68 W CHELTEN AVE PHILADELPHIA, PA"
59,20,"633 W RITTENHOUSE ST","RITTENHOUSE HILL APTS","F","H","633 W RITTENHOUSE ST PHILADELPHIA, PA"
59,21,"6300 GREENE ST","STAPELEY RETIREMENT HOME","A","L","6300 GREENE ST PHILADELPHIA, PA"
59,23,"21 W WASHINGTON LA","GERMANTOWN MENNONITE CHURCH","M","L","21 W WASHINGTON LA PHILADELPHIA, PA"
59,24,"25 W JOHNSON ST","GRACE BAPTIST CHURCH","M","L","25 W JOHNSON ST PHILADELPHIA, PA"
60,3,"5120 CHESTNUT ST","WEST PHILA YMCA","M","H","5120 CHESTNUT ST PHILADELPHIA, PA"
60,4,"5429 CHESTNUT ST","HOLMES SENIOR APTS","F","H","5429 CHESTNUT ST PHILADELPHIA, PA"
60,9,"5026 SPRUCE ST","LIGHT OF ELMWOOD LODGE # 45","M","H","5026 SPRUCE ST PHILADELPHIA, PA"
60,10,"52ND & PINE STS","HUEY SCHOOL","A","L","52ND & PINE STS PHILADELPHIA, PA"
60,13,"259 S 52ND ST","BARBER SHOP","R","L","259 S 52ND ST PHILADELPHIA, PA"
60,17,"57TH & SPRUCE STS","HAMILTON SCHOOL","M","L","57TH & SPRUCE STS PHILADELPHIA, PA"
60,21,"5800 SPRUCE ST","MORRIS RECREATION CENTER","A","L","5800 SPRUCE ST PHILADELPHIA, PA"
61,1,"5520 N 05TH ST","UNIVERSAL HAIR SALON","F","N","5520 N 05TH ST PHILADELPHIA, PA"
61,2,"5TH & NEDRO AVE","LOWELL SCHOOL","M","N","5TH & NEDRO AVE PHILADELPHIA, PA"
61,5,"201 E OLNEY AVE","GROVER WASHINGTON SCHOOL","M","L","201 E OLNEY AVE PHILADELPHIA, PA"
61,6,"6TH & SPENCER STS","FISHER PARK RECREATION CTR","F","L","6TH & SPENCER STS PHILADELPHIA, PA"
61,10,"A & SPENCER STS","OLNEY RECREATION CENTER","F","L","A & SPENCER STS PHILADELPHIA, PA"
61,14,"FRONT ST & GODFREY AVE","FINLETTER LITTLE SCHOOL HOUSE","F","L","FRONT ST & GODFREY AVE PHILADELPHIA, PA"
61,17,"65TH AVE & 02ND ST","STURGIS RECREATION CENTER","F","N","65TH AVE & 02ND ST PHILADELPHIA, PA"
61,21,"12TH ST & OAKLANE AVE","ELLWOOD SCHOOL","M","L","12TH ST & OAKLANE AVE PHILADELPHIA, PA"
61,22,"6901 OLD YORK RD","BROMLEY HOUSE APTS","R","N","6901 OLD YORK RD PHILADELPHIA, PA"
61,24,"600 W CHELTENHAM AVE","CHELTENHAM NURSING CENTER","B","L","600 W CHELTENHAM AVE PHILADELPHIA, PA"
62,1,"TORRESDALE AVE & WAKELING ST","HARDING MIDDLE SCHOOL","N","N","TORRESDALE AVE & WAKELING ST PHILADELPHIA, PA"
62,3,"HARBISON AVE & SANGER ST","SULLIVAN SCHOOL","N","N","HARBISON AVE & SANGER ST PHILADELPHIA, PA"
62,4,"BRIDGE & CHARLES STS","MASTERY SMEDLEY CHARTER SCHOOL","A","L","BRIDGE & CHARLES STS PHILADELPHIA, PA"
62,5,"4201 COMLY ST","JOHNNIE'S RESTAURANT","M","L","4201 COMLY ST PHILADELPHIA, PA"
62,6,"5000 FRANKFORD @WAKELING ST","ARIA FRANKFORD HOSPITAL","B","L","5000 FRANKFORD @WAKELING ST PHILADELPHIA, PA"
62,7,"5411 OXFORD AVE","REGAL BALLROOM","M","L","5411 OXFORD AVE PHILADELPHIA, PA"
62,8,"5200 PENN ST","MC ILVAIN RECREATION CENTER","B","L","5200 PENN ST PHILADELPHIA, PA"
62,13,"CHELTENHAM & CHARLES ST","WISSINOMING RECREATION CENTER","F","L","CHELTENHAM & CHARLES ST PHILADELPHIA, PA"
62,14,"1466 E CHELTENHAM AVE","COFFEE SHOP","R","L","1466 E CHELTENHAM AVE PHILADELPHIA, PA"
62,15,"SAUL & COMLY STS","ZIEGLER SCHOOL NEW BUILDING","M","L","SAUL & COMLY STS PHILADELPHIA, PA"
62,22,"6250 HARBISON AVE","AUTO PROS","M","N","6250 HARBISON AVE PHILADELPHIA, PA"
63,1,"7976 OXFORD AVENUE","LOUDENSLAGER POST # 366","B","L","7976 OXFORD AVENUE PHILADELPHIA, PA"
63,2,"7902 OXFORD AVENUE","MEMORIAL PRESBYTERIAN CHURCH","F","L","7902 OXFORD AVENUE PHILADELPHIA, PA"
63,3,"JEANES & RHAWN STS","FOXCHASE LIBRARY","M","L","JEANES & RHAWN STS PHILADELPHIA, PA"
63,4,"RHAWN ST & VERREE RD","FIRE ENGINE CO # 56","M","L","RHAWN ST & VERREE RD PHILADELPHIA, PA"
63,5,"7725 BINGHAM ST","CHRIST MISSION APOSTOLIC FAITH","M","H","7725 BINGHAM ST PHILADELPHIA, PA"
63,7,"8580 VERREE RD","LAFAYETTE REDEEMER ROOM","M","H","8580 VERREE RD PHILADELPHIA, PA"
63,8,"7370 CENTRAL AVE","RYERS LIBRARY/BURHOLME PARK","N","L","7370 CENTRAL AVE PHILADELPHIA, PA"
63,10,"8001 VERREE RD & RHAWN ST","KNOWLTON MANSION","F","L","8001 VERREE RD & RHAWN ST PHILADELPHIA, PA"
63,11,"8550 VERREE ROAD","VILLAGES PINE VALLEY CLUBHOUSE","F","H","8550 VERREE ROAD PHILADELPHIA, PA"
63,14,"441 HOFFNAGLE ST","RESIDENCE","M","L","441 HOFFNAGLE ST PHILADELPHIA, PA"
63,15,"VERREE RD & ALBURGER AVE","BALDI SCHOOL","M","L","VERREE RD & ALBURGER AVE PHILADELPHIA, PA"
63,16,"934 ALBURGER AVE","LEHIGH BAPTIST CHURCH","R","L","934 ALBURGER AVE PHILADELPHIA, PA"
63,17,"8600 A VERREE ROAD","PENNYPACK ENVIRONMENTAL CENTER","F","L","8600 A VERREE ROAD PHILADELPHIA, PA"
63,18,"SHARON LA & ALICIA ST","GREENBERG SCHOOL","R","L","SHARON LA & ALICIA ST PHILADELPHIA, PA"
63,25,"1104 WELSH RD","CHAPEL MANOR NURSING HOME","M","L","1104 WELSH RD PHILADELPHIA, PA"
64,1,"FRANKFORD AVE & STANWOOD ST","BROWN SCHOOL","A","L","FRANKFORD AVE & STANWOOD ST PHILADELPHIA, PA"
64,2,"8040 ROWLAND AVE","PARK TERRACE APTS COMM ROOM","M","L","8040 ROWLAND AVE PHILADELPHIA, PA"
64,4,"FRANKFORD AVE & HARTEL ST","FIRE ENGINE CO # 36","F","L","FRANKFORD AVE & HARTEL ST PHILADELPHIA, PA"
64,6,"7800 ROWLAND AVE","LANSING KNIGHTS YOUTH CLUB","M","N","7800 ROWLAND AVE PHILADELPHIA, PA"
64,7,"8205 ROOSEVELT BLVD","FIRE ENGINE CO # 18","M","L","8205 ROOSEVELT BLVD PHILADELPHIA, PA"
64,8,"3201 RYAN AVE","LINCOLN HIGH SCHOOL","F","H","3201 RYAN AVE PHILADELPHIA, PA"
64,11,"3301 COTTMAN AVE","FLUEHR FUNERAL HOME","M","L","3301 COTTMAN AVE PHILADELPHIA, PA"
64,15,"8301 ROOSEVELT BLVD","DEER MEADOWS RETIREMENT COMM","F","H","8301 ROOSEVELT BLVD PHILADELPHIA, PA"
64,17,"3001 RYAN AVE","MEEHAN MIDDLE SCHOOL","M","L","3001 RYAN AVE PHILADELPHIA, PA"
65,1,"4500 LINDEN AVE","TORRESDALE YOUTH CLUB","F","L","4500 LINDEN AVE PHILADELPHIA, PA"
65,3,"FRANKFORD AVE & LINDEN ST","FIRE ENGINE CO # 46","M","L","FRANKFORD AVE & LINDEN ST PHILADELPHIA, PA"
65,4,"5100 CONVENT LA///CLUBHOUSE","BAKERS BAY CONDOMINIUMS","M","L","5100 CONVENT LA///CLUBHOUSE PHILADELPHIA, PA"
65,6,"8001 TORRESDALE AVE","NEW FOUNDATIONS CHARTER SCHOOL","F","L","8001 TORRESDALE AVE PHILADELPHIA, PA"
65,7,"5200 LINDEN AVE","LIBERTY EVANGELICAL CHURCH","M","L","5200 LINDEN AVE PHILADELPHIA, PA"
65,10,"STEVENSON & FRANKFORD AVE","HOLY FAMILY EDUC TECH CTR","F","L","STEVENSON & FRANKFORD AVE PHILADELPHIA, PA"
65,12,"7212 KEYSTONE ST","HOPE CHURCH HALL","M","L","7212 KEYSTONE ST PHILADELPHIA, PA"
65,15,"7756 DITMAN ST","HOLMESBURG YOUTH CLUB","M","N","7756 DITMAN ST PHILADELPHIA, PA"
65,16,"DITMAN & RHAWN STS","HOLMESBURG RECREATION CENTER","F","L","DITMAN & RHAWN STS PHILADELPHIA, PA"
65,18,"7811 FRANKFORD AVE","FOUNTAIN OF LIFE CHURCH","M","N","7811 FRANKFORD AVE PHILADELPHIA, PA"
65,20,"9355 STATE RD","DELAIRE LANDING COMPLEX","B","L","9355 STATE RD PHILADELPHIA, PA"
66,1,"12273 TOWNSEND ROAD","LOCAL # 5 UNION HALL","M","H","12273 TOWNSEND ROAD PHILADELPHIA, PA"
66,2,"10980 NORCOM RD","NORCOM COMMUNITY CENTER","F","H","10980 NORCOM RD PHILADELPHIA, PA"
66,3,"ACADEMY & TORREY RDS","DECATUR SCHOOL","M","L","ACADEMY & TORREY RDS PHILADELPHIA, PA"
66,5,"2980 SOUTHAMPTON RD","IBPAT UNION HALL-FOUNTAIN ROOM","M","L","2980 SOUTHAMPTON RD PHILADELPHIA, PA"
66,6,"3301 MECHANICSVILLE RD","PARKWOOD YOUTH CENTER","F","L","3301 MECHANICSVILLE RD PHILADELPHIA, PA"
66,8,"COMLY & THORNTON RDS","PALMER RECREATION CENTER","B","L","COMLY & THORNTON RDS PHILADELPHIA, PA"
66,9,"DUNKS FERRY & MECHANICSVILLE RDS","JUNOD RECREATION CENTER","F","L","DUNKS FERRY & MECHANICSVILLE RDS PHILADELPHIA, PA"
66,11,"11201 ACADEMY RD","ARCHBISHOP RYAN HIGH SCHOOL","F","L","11201 ACADEMY RD PHILADELPHIA, PA"
66,15,"11301 ACADEMY ROAD","ST MARTHA'S GYMNASIUM","M","L","11301 ACADEMY ROAD PHILADELPHIA, PA"
66,17,"ACADEMY & COMLY RDS","FIRE ENGINE CO # 22","R","L","ACADEMY & COMLY RDS PHILADELPHIA, PA"
66,18,"9951 ACADEMY ROAD","CANTERBURY COURT RENTAL OFFICE","M","L","9951 ACADEMY ROAD PHILADELPHIA, PA"
66,19,"3745 CLARENDEN RD","SETTLEMENT MUSIC SCHOOL","F","L","3745 CLARENDEN RD PHILADELPHIA, PA"
66,20,"4150 WOODHAVEN RD","FAITH LUTHERAN CHURCH","R","L","4150 WOODHAVEN RD PHILADELPHIA, PA"
66,24,"11099 KNIGHTS RD","KATHARINE DREXEL LIBRARY","B","L","11099 KNIGHTS RD PHILADELPHIA, PA"
66,25,"11024 KNIGHTS RD","OUR LADY OF CALVARY SCHOOL","M","L","11024 KNIGHTS RD PHILADELPHIA, PA"
66,26,"MORRELL & W CROWN AVE","HANCOCK SCHOOL","R","L","MORRELL & W CROWN AVE PHILADELPHIA, PA"
66,29,"4101 CHALFONT DRIVE","SCHOOL DISTRICT OFFICE","R","N","4101 CHALFONT DRIVE PHILADELPHIA, PA"
66,30,"CHALFONT DR & DEERPATH LA","CHALFONT RECREATION CENTER","F","L","CHALFONT DR & DEERPATH LA PHILADELPHIA, PA"
66,31,"RED LION & CALERA RDS","PICARIELLO RECREATION CENTER","B","L","RED LION & CALERA RDS PHILADELPHIA, PA"
66,32,"10851 CALERA RD","NEW LIBERTY BELL YOUTH CLUB","M","L","10851 CALERA RD PHILADELPHIA, PA"
66,36,"HAWLEY & BROOKVIEW RDS","LABRUM SCHOOL","R","L","HAWLEY & BROOKVIEW RDS PHILADELPHIA, PA"
66,39,"11080 KNIGHTS ROAD","OLD ST LUKES CHURCH","A","L","11080 KNIGHTS ROAD PHILADELPHIA, PA"
66,41,"3323 FAIRDALE RD","RESIDENCE","B","N","3323 FAIRDALE RD PHILADELPHIA, PA"
66,45,"BROOKVIEW & HAWLEY RDS","LABRUM SCHOOL","R","L","BROOKVIEW & HAWLEY RDS PHILADELPHIA, PA"
