vre602,cd,ss,sh,cc,ed,mu,ext,address,white,black,hispanic,asian,other,total,,,,,,,,,,,,,,,,,,,
01A,005,036,059,5,1,01,00813,Parkside Elem School 685 Mercer St Se,"1,806
171","916
53","107
7","66
8","514
48","3,409
287",,A I,,,,,,"1,806
171",,,"916
53",,,"107
7",,"66
8",,"514
48","3,409
287"
01B,005,036,059,5,1,01,00813,Ormewood Park Presby. Church 1071 Delaware Avenue,"2,348
180","842
53","127
10","73
7","650
39","4,040
289",,A I,,,,,,"2,348
180",,,"842
53",,,"127
10",,"73
7",,"650
39","4,040
289"
01C,005,036,059,5,1,01,00813,"Dobbs Elementary School 2025 Jonesboro Rd Se
Split (01C, 01S, 12F)","184
3","1,282
57","28
1","9
1","209
13","1,712
75",,A I,,,,,,"184
3",,,"1,282
57",,,"28
1",,"9
1",,"209
13","1,712
75"
01D,005,036,058,5,1,01,00817,"FanPlex
768 Hank Aaron Dr SE
Split (01D, 01E, 01F, 01G)","142
18","351
17","12
4","12
1","103
5","620
45",,A I,,,,,,"142
18",,,"351
17",,,"12
4",,"12
1",,"103
5","620
45"
01E,005,036,059,5,1,01,00813,"FanPlex
768 Hank Aaron Dr SE
Split (01D, 01E, 01F, 01G)","1,885
169","908
46","72
3","48
5","505
56","3,418
279",,A I,,,,,,"1,885
169",,,"908
46",,,"72
3",,"48
5",,"505
56","3,418
279"
01F,005,036,058,5,1,01,00817,"FanPlex
768 Hank Aaron Dr SE
Split (01D, 01E, 01F, 01G)","101
10","1,183
55","23
1","13
0","212
13","1,532
79",,A I,,,,,,"101
10",,,"1,183
55",,,"23
1",,"13
0",,"212
13","1,532
79"
01G,005,036,059,5,1,01,00813,"FanPlex
768 Hank Aaron Dr SE
Split (01D, 01E, 01F, 01G)","496
35","1,276
57","37
5","29
2","337
18","2,175
117",,A I,,,,,,"496
35",,,"1,276
57",,,"37
5",,"29
2",,"337
18","2,175
117"
01H,005,036,058,4,1,01,00818,"Liberty Baptist Church 395 Chamberlain St Se
Split (01H, 02B, 02L2, 05B, 05C, 05D)","75
7","622
28","16
0","5
1","114
8","832
44",,A I,,,,,,"75
7",,,"622
28",,,"16
0",,"5
1",,"114
8","832
44"
01J,005,036,059,5,1,01,00813,"Louise Watley Library at Southeast Atlanta 1463 Pryor Road Sw
Split (01J, 12S)","213
13","2,013
89","37
1","11
2","414
25","2,688
130",,A I,,,,,,"213
13",,,"2,013
89",,,"37
1",,"11
2",,"414
25","2,688
130"
01P,005,036,059,5,1,01,00813,Bible Way Ministries 894 Constitution Rd,"43
0","1,128
41","17
0","0
0","174
9","1,362
50",,A I,,,,,,"43
0",,,"1,128
41",,,"17
0",,"0
0",,"174
9","1,362
50"
01R,005,036,059,5,1,01,00813,Thomasville Recreation Center 1835 Henry Thomas Dr,"44
0","1,301
52","22
0","6
0","149
8","1,522
60",,A I,,,,,,"44
0",,,"1,301
52",,,"22
0",,"6
0",,"149
8","1,522
60"
01S,005,036,060,5,1,01,00816,"Dobbs Elementary School 2025 Jonesboro Rd Se
Split (01C, 01S, 12F)","84
5","1,587
57","39
1","7
0","278
5","1,995
68",,A I,,,,,,"84
5",,,"1,587
57",,,"39
1",,"7
0",,"278
5","1,995
68"
01T,005,036,059,5,1,01,00813,Benteen Elem School 200 Cassanova St,"388
32","919
47","94
4","16
0","266
12","1,683
95",,,,,,,,,,,,,,,,,,,
02A,005,039,057,3,1,02,00819,"Park Tavern 500 10th St NE
Split (02A, 02J, 02K, 02L1, 06G)","3,171
363","593
64","187
22","269
27","796
146","5,016
622",,,,,,,,,,,,,,,,,,,
02B,005,036,057,4,1,02,00820,"Liberty Baptist Church 395 Chamberlain St Se
Split (01H, 02B, 02L2, 05B, 05C, 05D)","836
70","2,181
144","86
5","88
9","715
47","3,906
275",,,,,,,,,,,,,,,,,,,
02C,005,036,058,4,1,02,00821,"Central Park Recreation Center 400 Merritts Ave NE
Split (02C, 02F1, 02F2, 05F)","745
127","719
61","82
12","60
9","333
55","1,939
264",,,,,,,,,,,,,,,,,,,
02D,005,036,058,4,1,02,00821,"Butler Street Baptist Church 315 Ralph Mcgill Blvd
Split (02D, 05J, 06F)","2,273
270","1,527
83","154
18","189
21","733
119","4,876
511",,,,,,,,,,,,,,,,,,,
02E,005,036,059,5,1,02,00822,Little 5 Points Comm Center 1083 Austin Ave,"1,392
106","111
7","48
8","45
8","281
47","1,877
176",,,,,,,,,,,,,,,,,,,
02F1,005,036,059,5,1,02,00822,"Central Park Recreation Center 400 Merritts Ave NE
Split (02C, 02F1, 02F2, 05F)","2,059
285","262
17","106
13","110
13","453
92","2,990
420",,,,,,,,,,,,,,,,,,,
02F2,005,036,058,4,1,02,00821,"Central Park Recreation Center 400 Merritts Ave NE
Split (02C, 02F1, 02F2, 05F)","360
60","293
21","15
1","31
2","119
18","818
102",,,,,,,,,,,,,,,,,,,
02G,005,036,058,4,1,02,00821,"Helene S. Mills Senior Center 515 John Wesley Dobbs Ave NE
Split (02G, 02S, 05K)","2,249
283","513
40","104
10","118
15","578
94","3,562
442",,,,,,,,,,,,,,,,,,,
02J,005,036,058,4,1,02,00821,"Park Tavern 500 10th St NE
Split (02A, 02J, 02K, 02L1, 06G)","1,468
169","216
12","74
5","59
7","343
61","2,160
254",,,,,,,,,,,,,,,,,,,
02K,005,036,058,4,1,02,00821,"Park Tavern 500 10th St NE
Split (02A, 02J, 02K, 02L1, 06G)","924
119","130
17","50
5","51
10","228
45","1,383
196",,,,,,,,,,,,,,,,,,,
02L1,005,039,057,4,1,02,00823,"Park Tavern 500 10th St NE
Split (02A, 02J, 02K, 02L1, 06G)","3,853
526","912
91","276
34","333
38","1,029
187","6,403
876",,,,,,,,,,,,,,,,,,,
02L2,005,039,056,4,1,02,00824,"Liberty Baptist Church 395 Chamberlain St Se
Split (01H, 02B, 02L2, 05B, 05C, 05D)","1,038
101","249
14","100
9","198
10","298
30","1,883
164",,,,,,,,,,,,,,,,,,,
02S,005,036,058,4,1,02,00821,"Helene S. Mills Senior Center 515 John Wesley Dobbs Ave NE
Split (02G, 02S, 05K)","326
30","251
12","22
5","16
2","127
11","742
60",,,,,,,,,,,,,,,,,,,
02W,005,039,056,3,1,02,00825,"Peachtree Christian Church 1580 Peachtree Street Nw
Split (02W, 03F, 06L1, 06L2)","406
32","242
19","48
5","50
7","149
15","895
78",,,,,,,,,,,,,,,,,,,
03A,005,039,056,4,2,03,00826,Allen Temple AME Church 1625 Joseph E. Boone Blvd Nw,"89
3","1,751
89","14
1","3
2","288
16","2,145
111",,,,,,,,,,,,,,,,,,,
03B,005,038,056,4,2,03,00827,"Grove Park Recreation Center 750 Francis Pl Nw
Split (03B, 03H, 09I)","21
1","547
39","6
1","3
0","98
8","675
49",,,,,,,,,,,,,,,,,,,
03C,005,038,056,4,2,03,00827,Atlanta Police Athletic League 120 Anderson Ave Nw,"47
3","1,430
51","17
0","4
0","244
8","1,742
62",,,,,,,,,,,,,,,,,,,
03D,005,039,056,4,2,03,00826,"Washington Park Library 1116 M L King Jr Dr Sw
Split (03D, 04A)","77
7","927
42","9
1","4
0","173
5","1,190
55",,,,,,,,,,,,,,,,,,,
03E,005,039,056,4,2,03,00826,Greater Bethany Baptist Church 786 Thurmond Street,"119
3","2,179
94","17
1","7
0","363
29","2,685
127",,,,,,,,,,,,,,,,,,,
03F,005,039,056,3,2,03,00828,"Peachtree Christian Church 1580 Peachtree Street Nw
Split (02W, 03F, 06L1, 06L2)","769
108","579
52","91
16","175
16","397
50","2,011
242",,,,,,,,,,,,,,,,,,,
03G,005,039,056,4,2,03,00826,"Simpson Street Church Of Christ 800 Joseph E. Boone Blvd Nw
Split (03G, 03L)","31
2","813
23","10
0","5
0","105
2","964
27",,,,,,,,,,,,,,,,,,,
03H,005,038,055,4,2,03,00829,"Grove Park Recreation Center 750 Francis Pl Nw
Split (03B, 03H, 09I)","31
2","845
50","6
0","3
0","152
6","1,037
58",,,,,,,,,,,,,,,,,,,
03I,005,039,056,4,2,03,00826,"Antioch Baptist Ch Family Cntr
540 Cameron M Alexander Blvd Nw
Split (03I, 03P1A, 03P2, 04F)","669
64","258
31","81
7","260
9","187
26","1,455
137",,,,,,,,,,,,,,,,,,,
03L,005,039,056,4,2,03,00826,"Simpson Street Church Of Christ 800 Joseph E. Boone Blvd Nw
Split (03G, 03L)","25
0","584
26","5
0","0
0","101
5","715
31",,,,,,,,,,,,,,,,,,,
03M,005,038,055,4,2,03,00829,"M28 Church
1150 Niles Avenue","380
35","249
12","15
2","17
1","122
6","783
56",,,,,,,,,,,,,,,,,,,
03N,005,039,056,4,2,03,00826,Lindsay Street Baptist Church 550 Lindsay St,"232
20","1,997
113","40
3","20
1","373
31","2,662
168",,,,,,,,,,,,,,,,,,,
03P1A,005,039,056,3,2,03,00828,"Antioch Baptist Ch Family Cntr
540 Cameron M Alexander Blvd Nw
Split (03I, 03P1A, 03P2, 04F)","1,624
239","1,215
125","180
19","282
39","725
135","4,026
557",,,,,,,,,,,,,,,,,,,
03P2,005,036,056,4,2,03,00830,"Antioch Baptist Ch Family Cntr
540 Cameron M Alexander Blvd Nw
Split (03I, 03P1A, 03P2, 04F)","1
0","17
0","0
0","0
0","3
0","21
0",,,,,,,,,,,,,,,,,,,
03S,005,038,055,4,2,03,00829,"Berean Seventh Day Advent. Church 291 Hamilton E Holmes Dr
Split (03S, 10F)","30
3","708
16","7
0","1
0","97
7","843
26",,,,,,,,,,,,,,,,,,,
03T,005,036,056,4,2,03,00830,"Central United Methodist Ch 501 Mitchell St
Split (03T, 04J)","108
10","1,229
93","17
2","12
0","240
25","1,606
130",,,,,,,,,,,,,,,,,,,
04A,005,039,056,4,2,04,00831,"Washington Park Library 1116 M L King Jr Dr Sw
Split (03D, 04A)","73
1","1,162
48","10
0","3
0","191
4","1,439
53",,,,,,,,,,,,,,,,,,,
04B,005,036,057,4,2,04,00832,"Flipper Temple AME Church
580 Atlanta Student Movement Blvd","122
11","2,390
75","20
1","10
0","269
18","2,811
105",,,,,,,,,,,,,,,,,,,
04C,005,039,056,4,2,04,00831,"C. A. Scott Recreation Bldg 1565 M L King Jr Dr Sw
Split (04C, 04D)","0
1","128
4","0
0","0
0","17
0","145
5",,,,,,,,,,,,,,,,,,,
04D,005,039,056,4,2,04,00831,"C. A. Scott Recreation Bldg 1565 M L King Jr Dr Sw
Split (04C, 04D)","106
4","1,337
48","14
0","5
1","195
12","1,657
65",,,,,,,,,,,,,,,,,,,
04F,005,036,056,4,2,04,00833,"Antioch Baptist Ch Family Cntr
540 Cameron M Alexander Blvd Nw
Split (03I, 03P1A, 03P2, 04F)","460
39","1,507
106","59
2","86
6","356
26","2,468
179",,,,,,,,,,,,,,,,,,,
04G,005,036,057,4,2,04,00832,"James Orange Park 1305 Oakland Ln
Split (04G, 04M)","52
3","761
33","11
0","3
0","123
6","950
42",,,,,,,,,,,,,,,,,,,
04I,005,036,057,4,2,04,00832,"Paul L. Dunbar School 500 Whitehall Terrace Sw
Split (04I, 04V)","865
35","2,749
106","67
4","53
2","713
28","4,447
175",,,,,,,,,,,,,,,,,,,
04J,005,036,056,4,2,04,00833,"Central United Methodist Ch 501 Mitchell St
Split (03T, 04J)","20
2","1,397
100","18
0","3
0","132
7","1,570
109",,,,,,,,,,,,,,,,,,,
04K,005,036,057,4,2,04,00832,"West Hunter Street Baptist Church 1040 Ralph David Abernathy Blvd Sw
Split (04K, 04L)","184
21","1,973
81","24
3","11
1","347
14","2,539
120",,,,,,,,,,,,,,,,,,,
04L,005,039,056,4,2,04,00831,"West Hunter Street Baptist Church 1040 Ralph David Abernathy Blvd Sw
Split (04K, 04L)","218
11","1,326
65","24
1","22
2","288
14","1,878
93",,,,,,,,,,,,,,,,,,,
04M,005,036,058,4,2,04,00834,"James Orange Park 1305 Oakland Ln
Split (04G, 04M)","55
4","731
28","3
1","3
0","124
7","916
40",,,,,,,,,,,,,,,,,,,
04S,005,036,057,4,2,04,00832,St Peters Bapt Church Rec Bldg 1558 Venetian Dr,"97
2","1,964
52","20
0","6
0","339
5","2,426
59",,,,,,,,,,,,,,,,,,,
04T,005,036,057,4,2,04,00832,W Oakland Missionary Bapt Ch 1025 Violet St,"71
4","941
30","14
0","5
1","164
7","1,195
42",,,,,,,,,,,,,,,,,,,
04V,005,036,057,5,2,04,00508,"Paul L. Dunbar School 500 Whitehall Terrace Sw
Split (04I, 04V)","122
10","2,782
115","22
1","10
0","475
28","3,411
154",,,,,,,,,,,,,,,,,,,
04W,005,036,057,4,2,04,00832,"Morehouse College-Archer Hall
876 Atlanta Student Movement Blvd","19
2","3,181
115","31
1","14
0","174
12","3,419
130",,,,,,,,,,,,,,,,,,,
04X1,005,039,057,4,2,04,00835,"Tuskegee Airmen Academy 1626 Westhaven Dr SW
Split (04X1, 04X2)","151
4","1,617
59","23
0","6
0","298
15","2,095
78",,,,,,,,,,,,,,,,,,,
04X2,005,039,056,4,2,04,00831,"Tuskegee Airmen Academy 1626 Westhaven Dr SW
Split (04X1, 04X2)","69
6","605
34","8
0","3
1","120
9","805
50",,,,,,,,,,,,,,,,,,,
05A1,005,036,058,5,3,05,00956,"Lang-Carson Recreation Center 100 Flat Shoals Ave
Split (05A1, 05A2)","1,642
176","416
29","79
9","45
6","417
53","2,599
273",,,,,,,,,,,,,,,,,,,
05A2,005,036,059,5,3,05,00836,"Lang-Carson Recreation Center 100 Flat Shoals Ave
Split (05A1, 05A2)","1,553
147","827
57","89
5","87
9","490
53","3,046
271",,,,,,,,,,,,,,,,,,,
05B,005,036,058,4,3,05,00837,"Liberty Baptist Church 395 Chamberlain St Se
Split (01H, 02B, 02L2, 05B, 05C, 05D)","381
35","1,306
64","53
1","36
5","296
24","2,072
129",,,,,,,,,,,,,,,,,,,
05C,005,036,058,4,3,05,00837,"Liberty Baptist Church 395 Chamberlain St Se
Split (01H, 02B, 02L2, 05B, 05C, 05D)","24
2","113
1","4
0","2
0","18
0","161
3",,,,,,,,,,,,,,,,,,,
05D,005,036,057,4,3,05,00838,"Liberty Baptist Church 395 Chamberlain St Se
Split (01H, 02B, 02L2, 05B, 05C, 05D)","70
3","376
9","7
0","9
0","53
6","515
18",,,,,,,,,,,,,,,,,,,
05F,005,036,058,4,3,05,00837,"Central Park Recreation Center 400 Merritts Ave NE
Split (02C, 02F1, 02F2, 05F)","75
9","99
14","8
2","5
1","40
3","227
29",,,,,,,,,,,,,,,,,,,
05J,005,036,058,4,3,05,00837,"Butler Street Baptist Church 315 Ralph Mcgill Blvd
Split (02D, 05J, 06F)","262
28","224
12","19
3","30
2","100
7","635
52",,,,,,,,,,,,,,,,,,,
05K,005,036,058,4,3,05,00837,"Helene S. Mills Senior Center 515 John Wesley Dobbs Ave NE
Split (02G, 02S, 05K)","698
82","1,545
67","110
6","87
5","414
37","2,854
197",,,,,,,,,,,,,,,,,,,
06B,005,036,058,4,3,06,00839,"Inman Middle School 774 Virginia Ave
Split (06B, 06J)","1,363
159","70
9","41
6","59
6","235
48","1,768
228",,,,,,,,,,,,,,,,,,,
06D,005,036,057,3,3,06,00840,"Morningside Baptist Church Gym 1700 Piedmont Road
Split (06D, 06E)","5,856
481","1,229
105","316
14","296
33","1,287
156","8,984
789",,,,,,,,,,,,,,,,,,,
06E,005,039,056,3,3,06,00841,"Morningside Baptist Church Gym 1700 Piedmont Road
Split (06D, 06E)","1,450
155","321
25","77
9","71
14","344
42","2,263
245",,,,,,,,,,,,,,,,,,,
06F,005,036,058,5,3,06,00961,"Butler Street Baptist Church 315 Ralph Mcgill Blvd
Split (02D, 05J, 06F)","1,888
215","290
21","55
8","49
5","371
53","2,653
302",,,,,,,,,,,,,,,,,,,
06G,005,036,058,4,3,06,00839,"Park Tavern 500 10th St NE
Split (02A, 02J, 02K, 02L1, 06G)","341
25","107
9","12
1","10
2","89
17","559
54",,,,,,,,,,,,,,,,,,,
06I,005,039,054,3,3,06,00843,"Peachtree Hills Recreation 308 Peachtree Hills Ave Ne
Split (06I, 07E, 07J, 07N)","1,378
240","1,296
118","193
26","199
31","599
94","3,665
509",,,,,,,,,,,,,,,,,,,
06J,005,036,057,3,3,06,00840,"Inman Middle School 774 Virginia Ave
Split (06B, 06J)","1,991
165","82
2","67
4","67
17","376
46","2,583
234",,,,,,,,,,,,,,,,,,,
06L1,005,039,056,3,3,06,00841,"Peachtree Christian Church 1580 Peachtree Street Nw
Split (02W, 03F, 06L1, 06L2)","686
52","79
3","11
0","10
2","109
16","895
73",,,,,,,,,,,,,,,,,,,
06L2,005,039,055,3,3,06,00844,"Peachtree Christian Church 1580 Peachtree Street Nw
Split (02W, 03F, 06L1, 06L2)","511
26","52
4","15
1","12
0","95
7","685
38",,,,,,,,,,,,,,,,,,,
06N,005,039,055,3,3,06,00844,"2nd Ponce De Leon Bapt Church
2715 Peachtree Rd Ne - Fam Life Center
Split (06N, 06Q, 07H)","998
77","382
72","37
4","33
0","265
37","1,715
190",,,,,,,,,,,,,,,,,,,
06Q,005,039,054,3,3,06,00843,"2nd Ponce De Leon Bapt Church
2715 Peachtree Rd Ne - Fam Life Center
Split (06N, 06Q, 07H)","179
30","224
27","20
0","8
4","93
19","524
80",,,,,,,,,,,,,,,,,,,
06R,005,039,056,3,3,06,00841,First Presbyterian Church 1328 Peachtree Street,"1,224
105","325
17","38
5","39
4","267
28","1,893
159",,,,,,,,,,,,,,,,,,,
07A,011,006,054,3,4,07,00846,Sarah Rawson Smith Elem School 370 Old Ivy Rd Ne,"4,380
377","1,034
62","215
20","326
31","1,146
158","7,101
648",,,,,,,,,,,,,,,,,,,
07B,011,006,054,3,4,07,00846,"St James Methodist Ch
4400 Peachtree Dunwoody Rd
Split (07B, 07C)","2,363
94","63
2","32
1","57
2","293
25","2,808
124",,,,,,,,,,,,,,,,,,,
07C,005,006,054,3,4,07,00847,"St James Methodist Ch
4400 Peachtree Dunwoody Rd
Split (07B, 07C)","2,801
225","526
30","129
14","133
14","613
71","4,202
354",,,,,,,,,,,,,,,,,,,
07D,005,006,054,3,4,07,00847,"Ptree Presbyterian Church 3434 Roswell Rd
Split (07D, 08M)","2,863
327","633
58","166
17","133
14","658
94","4,453
510",,,,,,,,,,,,,,,,,,,
07E,005,039,054,3,4,07,00848,"Peachtree Hills Recreation 308 Peachtree Hills Ave Ne
Split (06I, 07E, 07J, 07N)","1,212
115","381
32","79
2","96
6","331
35","2,099
190",,,,,,,,,,,,,,,,,,,
07F,005,039,054,3,4,07,00848,"Cathedral Of Saint Philip 2744 Peachtree Rd Nw
Split (07F, 07M, 08G, 08L)","2,390
208","312
12","105
3","96
4","494
43","3,397
270",,,,,,,,,,,,,,,,,,,
07H,005,039,054,3,4,07,00848,"2nd Ponce De Leon Bapt Church
2715 Peachtree Rd Ne - Fam Life Center
Split (06N, 06Q, 07H)","1,511
92","116
15","48
3","33
1","270
29","1,978
140",,,,,,,,,,,,,,,,,,,
07J,005,039,055,3,4,07,00849,"Peachtree Hills Recreation 308 Peachtree Hills Ave Ne
Split (06I, 07E, 07J, 07N)","1,848
206","349
22","75
8","63
3","401
64","2,736
303",,,,,,,,,,,,,,,,,,,
07M,005,039,054,3,4,07,00848,"Cathedral Of Saint Philip 2744 Peachtree Rd Nw
Split (07F, 07M, 08G, 08L)","1,178
135","452
29","96
8","116
10","388
65","2,230
247",,,,,,,,,,,,,,,,,,,
07N,005,039,054,3,4,07,00848,"Peachtree Hills Recreation 308 Peachtree Hills Ave Ne
Split (06I, 07E, 07J, 07N)","696
95","707
64","108
8","135
18","361
42","2,007
227",,,,,,,,,,,,,,,,,,,
08A,011,006,040,3,4,08,00851,"Jackson, Warren T School 1325 Mt Paran Rd","1,927
169","392
35","63
3","92
9","433
50","2,907
266",,,,,,,,,,,,,,,,,,,
08B,011,006,052,3,4,08,00852,"Chastain Park Gymnasium 140 W Wieuca Rd
Split (08B, 08C)","2,591
157","157
9","62
8","88
6","365
44","3,263
224",,,,,,,,,,,,,,,,,,,
08C,011,006,052,3,4,08,00852,"Chastain Park Gymnasium 140 W Wieuca Rd
Split (08B, 08C)","1,168
52","27
1","24
7","28
3","161
15","1,408
78",,,,,,,,,,,,,,,,,,,
08D,011,006,052,3,4,08,00852,"Brandon, Morris School 2741 Howell Mill Rd Nw
Split (08D, 08F1, 08N1, 08N2)","877
36","11
0","10
0","20
2","117
10","1,035
48",,,,,,,,,,,,,,,,,,,
08E,011,006,053,3,4,08,00853,"Morris Brandon Primary Ctr. School 2845 Margaret Mitchell Dr
Split (08E, 09F)","1,994
96","86
6","30
1","80
7","276
18","2,466
128",,,,,,,,,,,,,,,,,,,
08F1,005,006,054,3,4,08,00854,"Brandon, Morris School 2741 Howell Mill Rd Nw
Split (08D, 08F1, 08N1, 08N2)","1,792
64","35
3","34
0","28
2","209
16","2,098
85",,,,,,,,,,,,,,,,,,,
08G,005,039,054,3,4,08,00850,"Cathedral Of Saint Philip 2744 Peachtree Rd Nw
Split (07F, 07M, 08G, 08L)","1,715
155","594
31","71
5","72
7","475
56","2,927
254",,,,,,,,,,,,,,,,,,,
08H,005,039,054,3,4,08,00850,"Sutton Middle School 2875 Northside Dr
Split (08H, 08J)","2,033
111","109
7","33
4","31
1","301
32","2,507
155",,,,,,,,,,,,,,,,,,,
08J,005,038,054,3,4,08,00855,"Sutton Middle School 2875 Northside Dr
Split (08H, 08J)","2,204
153","390
34","74
9","52
6","433
39","3,153
241",,,,,,,,,,,,,,,,,,,
08K,005,038,055,3,4,08,00856,"Grant, Bitsy Tennis Center 2125 Northside Dr","700
81","114
7","28
5","18
0","135
27","995
120",,,,,,,,,,,,,,,,,,,
08L,005,038,055,3,4,08,00856,"Cathedral Of Saint Philip 2744 Peachtree Rd Nw
Split (07F, 07M, 08G, 08L)","2,761
297","636
49","114
16","106
13","641
92","4,258
467",,,,,,,,,,,,,,,,,,,
08M,005,006,054,3,4,08,00854,"Ptree Presbyterian Church 3434 Roswell Rd
Split (07D, 08M)","1,644
85","96
11","38
3","27
1","241
30","2,046
130",,,,,,,,,,,,,,,,,,,
08N1,011,006,052,3,4,08,00852,"Brandon, Morris School 2741 Howell Mill Rd Nw
Split (08D, 08F1, 08N1, 08N2)","634
22","32
0","8
0","16
1","110
6","800
29",,,,,,,,,,,,,,,,,,,
08N2,011,006,054,3,4,08,00857,"Brandon, Morris School 2741 Howell Mill Rd Nw
Split (08D, 08F1, 08N1, 08N2)","983
53","227
14","33
4","63
6","216
23","1,522
100",,,,,,,,,,,,,,,,,,,
08P,005,038,055,3,4,08,00856,"The Fairmont
1429 Fairmont Ave NW
Split (08P, 09G, 09H)","779
76","600
57","73
6","47
4","254
32","1,753
175",,,,,,,,,,,,,,,,,,,
09A,005,038,053,4,5,09,00858,"Northwest Library at Scotts Crossing 2489 Perry Blvd Nw
Split (09A, 09K, 09M)","1,649
148","1,144
86","192
11","90
4","518
53","3,593
302",,,,,,,,,,,,,,,,,,,
09B,005,038,053,4,5,09,00858,Coretta Scott King Young Women's Academy 1190 Northwest Dr NW,"15
0","382
13","3
0","0
0","49
3","449
16",,,,,,,,,,,,,,,,,,,
09C,005,038,053,4,5,09,00858,"Jackson Memorial Baptist Church 534 Fairburn Rd
Split (09C, 10E)","79
1","2,679
97","9
1","8
0","424
9","3,199
108",,,,,,,,,,,,,,,,,,,
09D,005,038,053,4,5,09,00858,Salem Baptist Church 2283 Baker Road,"55
2","1,807
52","15
1","2
0","264
19","2,143
74",,,,,,,,,,,,,,,,,,,
09E,005,038,053,4,5,09,00858,"Dogwood Senior Center
1953 Donald L. Hollowell Pkwy Nw","391
33","2,159
109","44
4","47
1","434
32","3,075
179",,,,,,,,,,,,,,,,,,,
09F,005,006,053,4,5,09,00859,"Morris Brandon Primary Ctr. School 2845 Margaret Mitchell Dr
Split (08E, 09F)","2,530
205","521
52","94
10","88
9","509
71","3,742
347",,,,,,,,,,,,,,,,,,,
09G,005,038,055,4,5,09,00970,"The Fairmont
1429 Fairmont Ave NW
Split (08P, 09G, 09H)","2,028
246","835
78","133
13","132
14","532
82","3,660
433",,,,,,,,,,,,,,,,,,,
09H,005,038,055,3,5,09,00861,"The Fairmont
1429 Fairmont Ave NW
Split (08P, 09G, 09H)","477
56","402
31","51
5","31
4","184
16","1,145
112",,,,,,,,,,,,,,,,,,,
09I,005,038,055,4,5,09,00970,"Grove Park Recreation Center 750 Francis Pl Nw
Split (03B, 03H, 09I)","90
4","1,031
50","11
1","2
0","175
12","1,309
67",,,,,,,,,,,,,,,,,,,
09K,005,038,053,4,5,09,00858,"Northwest Library at Scotts Crossing 2489 Perry Blvd Nw
Split (09A, 09K, 09M)","218
14","4,232
172","52
4","13
4","662
33","5,177
227",,,,,,,,,,,,,,,,,,,
09M,005,038,053,4,5,09,00858,"Northwest Library at Scotts Crossing 2489 Perry Blvd Nw
Split (09A, 09K, 09M)","1,108
77","768
43","74
7","46
5","390
37","2,386
169",,,,,,,,,,,,,,,,,,,
10A,005,038,061,6,5,10,00864,The Kindezi School - West 286 Wilson Mill Road,"39
2","2,611
45","16
0","4
0","376
5","3,046
52",,,,,,,,,,,,,,,,,,,
10B,005,038,055,6,5,10,00865,"West Manor Park 3240 West Manor Cir
Split (10B, 10I)","67
4","3,164
120","11
2","10
0","460
25","3,712
151",,,,,,,,,,,,,,,,,,,
10C,005,038,061,6,5,10,00864,"C.T. Martin Natatorium & Recreation Center 3201 M L King Jr Dr SW
Split (10C, 10D)","39
1","2,228
106","7
2","1
0","288
18","2,563
127",,,,,,,,,,,,,,,,,,,
10D,005,038,053,4,5,10,00866,"C.T. Martin Natatorium & Recreation Center 3201 M L King Jr Dr SW
Split (10C, 10D)","73
5","4,057
114","43
2","5
0","551
20","4,729
141",,,,,,,,,,,,,,,,,,,
10E,005,038,053,4,5,10,00866,"Jackson Memorial Baptist Church 534 Fairburn Rd
Split (09C, 10E)","32
1","845
23","5
0","2
0","138
1","1,022
25",,,,,,,,,,,,,,,,,,,
10F,005,038,053,4,5,10,00866,"Berean Seventh Day Advent. Church 291 Hamilton E Holmes Dr
Split (03S, 10F)","19
1","964
22","8
0","2
0","133
7","1,126
30",,,,,,,,,,,,,,,,,,,
10G,005,038,056,6,5,10,00867,"St Paul's Episcopal Church 306 Peyton Rd
Split (10G, 10H1, 10H2)","28
3","1,069
23","4
0","2
0","152
4","1,255
30",,,,,,,,,,,,,,,,,,,
10H1,005,038,053,6,5,10,00873,"St Paul's Episcopal Church 306 Peyton Rd
Split (10G, 10H1, 10H2)","6
4","357
12","7
0","0
0","48
4","418
20",,,,,,,,,,,,,,,,,,,
10H2,005,038,055,6,5,10,00865,"St Paul's Episcopal Church 306 Peyton Rd
Split (10G, 10H1, 10H2)","44
1","2,112
81","28
0","8
0","294
13","2,486
95",,,,,,,,,,,,,,,,,,,
10I,005,038,057,6,5,10,00868,"West Manor Park 3240 West Manor Cir
Split (10B, 10I)","5
0","271
9","4
0","0
0","42
2","322
11",,,,,,,,,,,,,,,,,,,
10J,005,038,056,4,5,10,00869,Westside Community Church 2114 Martin Luther King Jr Dr,"31
2","944
32","12
1","1
0","179
6","1,167
41",,,,,,,,,,,,,,,,,,,
10K,005,039,057,4,5,10,00870,"Beecher Hills Elementary School 2257 Bollingbrook Dr SW
Split (10K, 11H)","82
2","1,212
41","15
0","6
0","199
10","1,514
53",,,,,,,,,,,,,,,,,,,
10M,005,039,057,4,5,10,00870,"Mcghee, Joseph Tennis Center 820 Beecher Ct","288
22","2,031
72","16
4","11
1","376
13","2,722
112",,,,,,,,,,,,,,,,,,,
10P,005,038,053,4,5,10,00866,Collier Park Recreation Center 3691 Collier Dr NW,"28
3","1,297
36","7
1","6
0","182
4","1,520
44",,,,,,,,,,,,,,,,,,,
10R,005,038,053,6,5,10,00873,Concord Baptist Church 3270 Boulder Park Dr SW,"12
0","711
18","8
0","2
0","91
1","824
19",,,,,,,,,,,,,,,,,,,
11B,005,038,055,5,6,11,00520,Ralph Bunche Middle School 1925 Niskey Lake Rd Sw,"83
1","4,380
175","22
0","9
0","588
33","5,082
209",,,,,,,,,,,,,,,,,,,
11C,005,038,055,6,6,11,00874,Fickett School 3935 Rux Rd,"50
3","2,572
77","10
2","7
0","363
22","3,002
104",,,,,,,,,,,,,,,,,,,
11E1,005,038,061,5,6,11,00962,"William Walker Recreation Center 2405 Fairburn Rd Sw
Split (11E1, 11E2, 11E3, 11P)","18
0","1,092
50","9
0","1
0","143
14","1,263
64",,,,,,,,,,,,,,,,,,,
11E2,005,039,055,5,6,11,00877,"William Walker Recreation Center 2405 Fairburn Rd Sw
Split (11E1, 11E2, 11E3, 11P)","22
2","785
20","7
0","2
0","99
5","915
27",,,,,,,,,,,,,,,,,,,
11E3,005,039,061,5,6,11,00875,"William Walker Recreation Center 2405 Fairburn Rd Sw
Split (11E1, 11E2, 11E3, 11P)","73
12","2,772
164","53
3","24
2","486
25","3,408
206",,,,,,,,,,,,,,,,,,,
11G,005,039,058,5,6,11,00529,"Adams Park Library
2231 Campbellton Rd SW
Split (11G, 12I, 12L)","74
4","2,062
97","16
0","3
0","258
31","2,413
132",,,,,,,,,,,,,,,,,,,
11H,005,039,057,4,6,11,00878,"Beecher Hills Elementary School 2257 Bollingbrook Dr SW
Split (10K, 11H)","24
1","580
16","9
0","1
0","102
4","716
21",,,,,,,,,,,,,,,,,,,
11J,005,039,060,5,6,11,00974,Continental Colony Elementary School 3181 Hogan Rd,"36
0","1,727
58","8
1","3
1","227
6","2,001
66",,,,,,,,,,,,,,,,,,,
11K,005,039,058,4,6,11,00880,Cascade Elementary School 2326 Venetian Dr Sw,"95
4","1,587
37","6
0","2
0","248
12","1,938
53",,,,,,,,,,,,,,,,,,,
11M,005,039,055,4,6,11,00881,"Therrell, D.M. High School 3099 Panther Trail Sw
Split (11M, 11N, 11R)","66
6","2,812
114","22
2","8
0","415
16","3,323
138",,,,,,,,,,,,,,,,,,,
11N,005,039,055,5,6,11,00877,"Therrell, D.M. High School 3099 Panther Trail Sw
Split (11M, 11N, 11R)","28
1","1,985
52","7
0","4
0","289
12","2,313
65",,,,,,,,,,,,,,,,,,,
11P,005,039,055,5,6,11,00877,"William Walker Recreation Center 2405 Fairburn Rd Sw
Split (11E1, 11E2, 11E3, 11P)","39
2","1,708
77","10
0","1
0","255
17","2,013
96",,,,,,,,,,,,,,,,,,,
11R,005,039,058,4,6,11,00880,"Therrell, D.M. High School 3099 Panther Trail Sw
Split (11M, 11N, 11R)","41
0","1,703
86","7
1","3
0","248
9","2,002
96",,,,,,,,,,,,,,,,,,,
12A,005,036,058,5,6,12,00531,"Metropolitan Library
1332 Metropolitan Pkway Sw","813
47","3,615
165","72
2","39
0","721
59","5,260
273",,,,,,,,,,,,,,,,,,,
12D,005,036,060,5,6,12,00885,"Perkerson Park Rec Center 770 Deckner Ave
Split (12D, 12G)","65
4","1,086
72","12
2","3
0","183
16","1,349
94",,,,,,,,,,,,,,,,,,,
12E1,005,036,059,5,6,12,00882,"Cleveland Avenue School 2672 Old Hapeville Rd
Split (12E1, 12H1, 12H2, 12J)","100
4","1,371
78","36
1","19
0","218
14","1,744
97",,,,,,,,,,,,,,,,,,,
12F,005,036,059,5,6,12,00882,"Dobbs Elementary School 2025 Jonesboro Rd Se
Split (01C, 01S, 12F)","75
4","884
25","27
0","6
0","164
9","1,156
38",,,,,,,,,,,,,,,,,,,
12G,005,036,059,5,6,12,00882,"Perkerson Park Rec Center 770 Deckner Ave
Split (12D, 12G)","41
5","671
28","12
0","5
0","115
5","844
38",,,,,,,,,,,,,,,,,,,
12H1,005,036,059,5,6,12,00882,"Cleveland Avenue School 2672 Old Hapeville Rd
Split (12E1, 12H1, 12H2, 12J)","55
3","905
56","16
0","8
2","118
9","1,102
70",,,,,,,,,,,,,,,,,,,
12H2,005,036,060,5,6,12,00885,"Cleveland Avenue School 2672 Old Hapeville Rd
Split (12E1, 12H1, 12H2, 12J)","78
1","2,401
102","22
1","3
0","361
13","2,865
117",,,,,,,,,,,,,,,,,,,
12I,005,039,058,5,6,12,00886,"Adams Park Library
2231 Campbellton Rd SW
Split (11G, 12I, 12L)","15
1","872
44","4
0","2
0","122
9","1,015
54",,,,,,,,,,,,,,,,,,,
12J,005,036,060,5,6,12,00885,"Cleveland Avenue School 2672 Old Hapeville Rd
Split (12E1, 12H1, 12H2, 12J)","68
3","2,417
127","20
0","8
1","349
20","2,862
151",,,,,,,,,,,,,,,,,,,
12K,005,036,057,5,6,12,00887,"Pittman Park Rec Center 950 Garibaldi St
Split (12K, 12N)","420
40","2,398
121","47
5","33
2","488
30","3,386
198",,,,,,,,,,,,,,,,,,,
12L,005,036,058,5,6,12,00531,"Adams Park Library
2231 Campbellton Rd SW
Split (11G, 12I, 12L)","21
3","601
39","4
0","0
0","93
3","719
45",,,,,,,,,,,,,,,,,,,
12M,005,036,060,5,6,12,00885,South Atlanta High School 800 Hutchens Rd,"75
7","2,365
96","25
0","4
0","327
12","2,796
115",,,,,,,,,,,,,,,,,,,
12N,005,036,058,5,6,12,00531,"Pittman Park Rec Center 950 Garibaldi St
Split (12K, 12N)","58
3","838
30","11
1","3
0","127
7","1,037
41",,,,,,,,,,,,,,,,,,,
12S,005,036,058,5,6,12,00531,"Louise Watley Library at Southeast Atlanta 1463 Pryor Road Sw
Split (01J, 12S)","68
7","1,569
129","15
0","7
1","257
30","1,916
167",,,,,,,,,,,,,,,,,,,
AP01A,006,056,049,1,2,LRG,00745,"New Prospect Elementary 3055 Kimball Bridge Rd
Split (AP01A, AP01B)","2,903
213","418
47","115
11","660
31","856
52","4,952
354",,,,,,,,,,,,,,,,,,,
AP01B,006,056,049,1,1,LRG,00730,"New Prospect Elementary 3055 Kimball Bridge Rd
Split (AP01A, AP01B)","663
74","163
26","48
4","60
11","168
33","1,102
148",,,,,,,,,,,,,,,,,,,
AP01C,006,056,049,1,5,LRG,00731,"Haynes Bridge Middle School 10665 Haynes Bridge Rd
Split (AP01C, AP01D)","1,441
92","198
11","107
2","172
5","336
32","2,254
142",,,,,,,,,,,,,,,,,,,
AP01D,006,056,049,1,7,LRG,00732,"Haynes Bridge Middle School 10665 Haynes Bridge Rd
Split (AP01C, AP01D)","551
73","165
24","36
8","35
5","140
34","927
144",,,,,,,,,,,,,,,,,,,
AP021,006,056,049,2,2,LRG,00734,"Wills Recreation Center 11925 Wills Rd
Split (AP021, AP022, AP02B)","2,156
112","381
32","76
4","141
7","464
30","3,218
185",,,,,,,,,,,,,,,,,,,
AP022,006,056,049,2,1,LRG,00737,"Wills Recreation Center 11925 Wills Rd
Split (AP021, AP022, AP02B)","1,367
98","315
15","140
6","150
5","372
31","2,344
155",,,,,,,,,,,,,,,,,,,
AP02B,006,056,048,2,1,LRG,00735,"Wills Recreation Center 11925 Wills Rd
Split (AP021, AP022, AP02B)","370
22","59
1","21
3","35
0","109
3","594
29",,,,,,,,,,,,,,,,,,,
AP03,006,056,048,2,1,LRG,00735,"Mimosa Elementary School 1550 Warsaw Rd
Split (AP03, RW07A, RW07B)","189
37","297
39","91
7","5
1","148
19","730
103",,,,,,,,,,,,,,,,,,,
AP04A,006,056,047,2,1,LRG,00736,"Alpharetta Crabapple Government Center 12624 Broadwell Rd
Split (AP04A, AP04B, AP06)","1,177
72","89
3","44
2","99
0","250
16","1,659
93",,,,,,,,,,,,,,,,,,,
AP04B,006,056,047,2,2,LRG,00738,"Alpharetta Crabapple Government Center 12624 Broadwell Rd
Split (AP04A, AP04B, AP06)","292
13","18
1","10
0","53
0","66
3","439
17",,,,,,,,,,,,,,,,,,,
AP05,006,021,049,1,2,LRG,00739,Windward Fire Station 3070 Market Place,"2,878
192","362
16","137
5","461
13","682
38","4,520
264",,,,,,,,,,,,,,,,,,,
AP06,006,021,049,2,2,LRG,00740,"Alpharetta Crabapple Government Center 12624 Broadwell Rd
Split (AP04A, AP04B, AP06)","1,415
70","55
8","55
1","86
1","246
10","1,857
90",,,,,,,,,,,,,,,,,,,
AP07A,006,021,049,2,2,LRG,00740,"Manning Oaks Elementary School 405 Cumming St
Split (AP07A, AP07B, ML06A)","2,325
146","419
29","138
4","172
8","616
58","3,670
245",,,,,,,,,,,,,,,,,,,
AP07B,006,021,047,2,2,LRG,00741,"Manning Oaks Elementary School 405 Cumming St
Split (AP07A, AP07B, ML06A)","1,077
55","129
3","67
3","202
1","291
17","1,766
79",,,,,,,,,,,,,,,,,,,
AP09A,006,021,049,1,2,LRG,00739,"Webb Bridge Middle School 4455 Webb Bridge Rd
Split (AP09A, AP09B)","2,395
189","393
40","139
8","509
19","696
68","4,132
324",,,,,,,,,,,,,,,,,,,
AP09B,006,048,049,1,2,LRG,00743,"Webb Bridge Middle School 4455 Webb Bridge Rd
Split (AP09A, AP09B)","369
17","106
4","29
0","170
6","183
9","857
36",,,,,,,,,,,,,,,,,,,
AP10,006,021,049,2,2,LRG,00740,Alpharetta Library 10 Park Plaza,"805
36","25
2","13
0","26
0","99
12","968
50",,,,,,,,,,,,,,,,,,,
AP12A,006,021,049,1,2,LRG,00739,"Alpharetta High School 3595 Webb Bridge Rd
Split (AP12A, AP12B, AP12C)","331
37","123
17","57
6","39
4","128
23","678
87",,,,,,,,,,,,,,,,,,,
AP12B,006,021,047,1,2,LRG,00744,"Alpharetta High School 3595 Webb Bridge Rd
Split (AP12A, AP12B, AP12C)","304
37","193
28","45
2","111
9","174
24","827
100",,,,,,,,,,,,,,,,,,,
AP12C,006,021,049,2,2,LRG,00740,"Alpharetta High School 3595 Webb Bridge Rd
Split (AP12A, AP12B, AP12C)","1,403
116","192
17","63
7","57
2","282
42","1,997
184",,,,,,,,,,,,,,,,,,,
AP14,006,056,049,1,5,LRG,00731,"Messiah Lutheran Church 4765 Kimball Bridge Road
Split (AP14, JC04A, JC04B, JC04C, JC10, JC15)","2,029
129","206
8","65
2","298
5","467
29","3,065
173",,,,,,,,,,,,,,,,,,,
CH01,013,028,065,6,4,01,00950,"Chattahoochee Hills City Hall 6505 Rico Rd
Split (CH01, CH02, CH02, CH03, CH04A, CH05)","71
8","208
7","12
0","0
0","54
2","345
17",,,,,,,,,,,,,,,,,,,
CH02,013,028,065,6,4,02,00951,"Chattahoochee Hills City Hall 6505 Rico Rd
Split (CH01, CH02, CH02, CH03, CH04A, CH05)","181
2","77
0","4
0","0
0","45
2","320
4",,,,,,,,,,,,,,,,,,,
CH03,013,028,065,6,4,03,00952,"Chattahoochee Hills City Hall 6505 Rico Rd
Split (CH01, CH02, CH02, CH03, CH04A, CH05)","271
6","75
2","5
0","1
0","46
1","398
9",,,,,,,,,,,,,,,,,,,
CH04A,013,028,065,6,4,04,00954,"Chattahoochee Hills City Hall 6505 Rico Rd
Split (CH01, CH02, CH02, CH03, CH04A, CH05)","569
35","36
0","10
0","1
1","111
6","727
42",,,,,,,,,,,,,,,,,,,
CH05,013,028,065,6,4,05,00955,"Chattahoochee Hills City Hall 6505 Rico Rd
Split (CH01, CH02, CH02, CH03, CH04A, CH05)","334
13","29
2","2
0","0
1","51
1","416
17",,,,,,,,,,,,,,,,,,,
CP011,005,036,062,6,3,1,00742,"College Park Auditorium 3631 Main Street
Split (CP011, CP012, CP01B, CP02, CP04A, CP04B)","350
16","716
26","33
3","7
0","167
10","1,273
55",,,,,,,,,,,,,,,,,,,
CP012,005,036,062,6,6,1,00749,"College Park Auditorium 3631 Main Street
Split (CP011, CP012, CP01B, CP02, CP04A, CP04B)","371
14","789
19","22
0","20
1","212
12","1,414
46",,,,,,,,,,,,,,,,,,,
CP01B,005,036,060,6,3,1,00747,"College Park Auditorium 3631 Main Street
Split (CP011, CP012, CP01B, CP02, CP04A, CP04B)","144
8","192
10","13
0","10
0","48
2","407
20",,,,,,,,,,,,,,,,,,,
CP02,005,036,060,6,3,3,00942,"College Park Auditorium 3631 Main Street
Split (CP011, CP012, CP01B, CP02, CP04A, CP04B)","205
10","716
32","21
3","14
0","179
7","1,135
52",,,,,,,,,,,,,,,,,,,
CP04A,005,036,060,6,6,1,01025,"College Park Auditorium 3631 Main Street
Split (CP011, CP012, CP01B, CP02, CP04A, CP04B)","1
0","7
0","0
0","0
0","4
0","12
0",,,,,,,,,,,,,,,,,,,
CP04B,005,036,060,6,6,2,00751,"College Park Auditorium 3631 Main Street
Split (CP011, CP012, CP01B, CP02, CP04A, CP04B)","2
0","32
1","0
0","0
0","1
1","35
2",,,,,,,,,,,,,,,,,,,
CP051,005,036,064,6,6,4,00753,"Camp Truitt Senior Center 4320 Herschel Rd Split (CP051, CP05B, CP06A, CP07B, CP07C, CP07D, CP07E, CP07F)",69      7,1388     50,33     1,8     0,206     15,1704     73,,,,,,,,,,,,,,,,,,,
CP05B,005,036,063,6,6,4,00752,"Camp Truitt Senior Center 4320 Herschel Rd Split (CP051, CP05B, CP06A, CP07B, CP07C, CP07D, CP07E, CP07F)",4     0,130     7,1     0,0     0,21     0,156     7,,,,,,,,,,,,,,,,,,,
CP06A,005,036,063,6,6,2,00754,"Camp Truitt Senior Center 4320 Herschel Rd Split (CP051, CP05B, CP06A, CP07B, CP07C, CP07D, CP07E, CP07F)",22     1,561     28,9     0,3     1,90     4,685     34,,,,,,,,,,,,,,,,,,,
CP07B,005,036,063,6,6,2,00943,"Camp Truitt Senior Center 4320 Herschel Rd, Split (CP051, CP05B, CP06A, CP07B, CP07C, CP07D, CP07E, CP07F)",0     0,2     1,0     0,0     0,5     0,7     1,,,,,,,,,,,,,,,,,,,
CP07C,005,036,064,5,6,4,00889,"Camp Truitt Senior Center 4320 Herschel Rd, Split (CP051, CP05B, CP06A, CP07B, CP07C, CP07D, CP07E, CP07F)",4    1,230     14,0     0,  1       0,36     3,271     18,,,,,,,,,,,,,,,,,,,
CP07D,005,036,064,6,6,4,00753,"Camp Truitt Senior Center 4320 Herschel Rd, Split (CP051, CP05B, CP06A, CP07B, CP07C, CP07D, CP07E, CP07F)",22     4,660     44,8     0,1     0,91     7,782     55,,,,,,,,,,,,,,,,,,,
CP07E,005,036,064,5,6,4,00889,"Camp Truitt Senior Center 4320 Herschel Rd, Split (CP051, CP05B, CP06A, CP07B, CP07C, CP07D, CP07E, CP07F)",6     0,88     9,0     0,0     0,18     0,112     9,,,,,,,,,,,,,,,,,,,
CP07F,005,036,064,6,6,4,00753,"Camp Truitt Senior Center 4320 Herschel Rd, Split (CP051, CP05B, CP06A, CP07B, CP07C, CP07D, CP07E, CP07F)",9     0,191     13,5     2,0     0,30     1,235     16,,,,,,,,,,,,,,,,,,,
CP081,013,039,063,6,6,2,01024,"Tracey Wyatt Recreation Center 2300 Godby Rd
Split (CP081, CP083, CP084, CP08A, SC10)","7
1","298
28","0
0","4
0","45
4","354
33",,,,,,,,,,,,,,,,,,,
CP083,013,039,063,6,6,3,00965,"Tracey Wyatt Recreation Center 2300 Godby Rd
Split (CP081, CP083, CP084, CP08A, SC10)","4
0","178
20","2
0","0
0","25
5","209
25",,,,,,,,,,,,,,,,,,,
CP084,013,039,063,6,6,2,01024,"Tracey Wyatt Recreation Center 2300 Godby Rd
Split (CP081, CP083, CP084, CP08A, SC10)","0
0","2
0","0
0","0
0","0
0","2
0",,,,,,,,,,,,,,,,,,,
CP08A,013,039,063,6,6,3,00965,"Tracey Wyatt Recreation Center 2300 Godby Rd
Split (CP081, CP083, CP084, CP08A, SC10)","15
2","615
49","3
0","3
0","82
4","718
55",,,,,,,,,,,,,,,,,,,
EP01A,005,039,060,5,6,A,00978,"East Point First Mallalieu UMC 2651 Church St
Split (EP01A, EP01B)","585
40","1,689
84","98
1","12
0","436
21","2,820
146",,,,,,,,,,,,,,,,,,,
EP01B,005,039,060,5,3,A,00979,"East Point First Mallalieu UMC 2651 Church St
Split (EP01A, EP01B)","372
22","2,343
105","115
4","9
1","447
26","3,286
158",,,,,,,,,,,,,,,,,,,
EP02A,005,036,059,6,3,B,00760,"Jefferson Recreation Center 1431 Norman Berry Drive
Split (EP02A, EP02B, EP02C, EP02D, EP02E)","163
8","1,698
81","72
4","7
5","278
21","2,218
119",,,,,,,,,,,,,,,,,,,
EP02B,005,036,059,5,3,B,00929,"Jefferson Recreation Center 1431 Norman Berry Drive
Split (EP02A, EP02B, EP02C, EP02D, EP02E)","590
40","666
31","49
1","16
3","224
17","1,545
92",,,,,,,,,,,,,,,,,,,
EP02C,005,036,060,6,3,B,00971,"Jefferson Recreation Center 1431 Norman Berry Drive
Split (EP02A, EP02B, EP02C, EP02D, EP02E)","143
15","217
13","17
1","4
0","78
8","459
37",,,,,,,,,,,,,,,,,,,
EP02D,005,039,060,5,3,B,00986,"Jefferson Recreation Center 1431 Norman Berry Drive
Split (EP02A, EP02B, EP02C, EP02D, EP02E)","16
1","272
22","2
0","0
0","49
5","339
28",,,,,,,,,,,,,,,,,,,
EP02E,005,036,060,5,3,B,00987,"Jefferson Recreation Center 1431 Norman Berry Drive
Split (EP02A, EP02B, EP02C, EP02D, EP02E)","180
12","1,122
62","37
2","3
0","213
15","1,555
91",,,,,,,,,,,,,,,,,,,
EP03A,005,039,060,5,6,C,00980,"St. Stephens Miss. Baptist Church 2670 Hogan Rd
Split (EP03A, EP03B)","320
21","3,569
118","194
5","18
3","543
27","4,644
174",,,,,,,,,,,,,,,,,,,
EP03B,005,039,062,5,6,C,00897,"St. Stephens Miss. Baptist Church 2670 Hogan Rd
Split (EP03A, EP03B)","82
8","1,206
31","37
0","5
0","169
3","1,499
42",,,,,,,,,,,,,,,,,,,
EP04A,005,039,062,5,6,D,00765,"Brookview Elememtary Sch 3250 Hammarskjold Dr
Split (EP04A, EP04B)","176
9","4,910
278","83
6","25
3","776
68","5,970
364",,,,,,,,,,,,,,,,,,,
EP04B,013,039,062,5,6,D,00766,"Brookview Elememtary Sch 3250 Hammarskjold Dr
Split (EP04A, EP04B)","77
4","1,941
94","36
1","9
0","332
15","2,395
114",,,,,,,,,,,,,,,,,,,
FA01A,013,035,065,6,4,LRG,00767,"First Baptist Church of Fairburn 23 Malone St SE
Split (FA01A, FA01B)","350
22","2,798
120","139
8","21
0","516
25","3,824
175",,,,,,,,,,,,,,,,,,,
FA01B,013,035,065,6,4,LRG,00767,"First Baptist Church of Fairburn 23 Malone St SE
Split (FA01A, FA01B)","643
60","3,831
162","185
13","42
5","883
43","5,584
283",,,,,,,,,,,,,,,,,,,
FA01C,013,035,064,6,4,LRG,00768,Harvest Rain Church 8567 Bohannon Rd,"27
1","518
18","22
0","11
0","108
3","686
22",,,,,,,,,,,,,,,,,,,
FC01,005,038,061,6,4,,00784,"Wolf Creek Library 3100 Enon Rd Sw
Split (FC01, SC01A, SC01B, SC01C, SC20)","6
1","268
30","4
0","0
0","37
7","315
38",,,,,,,,,,,,,,,,,,,
FC02,005,038,061,6,4,,00784,Aviation Community Cultural Center 3900 Aviation Cir Nw,"64
4","367
23","11
0","7
0","130
7","579
34",,,,,,,,,,,,,,,,,,,
FC03,005,038,061,6,4,,00784,"Sandtown Park Recreation Center 5320 Campbellton Rd
Split (FC03, SC16A)","0
0","12
1","0
0","0
0","2
0","14
1",,,,,,,,,,,,,,,,,,,
HP01,005,036,059,6,3,LRG,00975,Hoyt Smith Center 3444 N Fulton Ave,"1,112
67","1,572
83","221
6","116
1","516
24","3,537
181",,,,,,,,,,,,,,,,,,,
JC01,006,048,050,1,5,LRG,00770,Shakerag Elementary School 10885 Rogers Circle,"2,089
131","482
26","128
6","1,786
53","993
59","5,478
275",,,,,,,,,,,,,,,,,,,
JC02,006,048,050,1,5,LRG,00770,"Northview High School 10625 Parsons Road
Split (JC02, JC06)","1,098
98","311
34","93
3","720
25","478
45","2,700
205",,,,,,,,,,,,,,,,,,,
JC03A,006,048,025,1,5,LRG,00771,"Findley Oaks Elementary School 5880 Findley Chase Drive
Split (JC03A, JC03B)","291
17","61
3","22
2","75
6","110
4","559
32",,,,,,,,,,,,,,,,,,,
JC03B,006,048,050,1,5,LRG,00770,"Findley Oaks Elementary School 5880 Findley Chase Drive
Split (JC03A, JC03B)","599
54","200
13","62
3","361
9","280
30","1,502
109",,,,,,,,,,,,,,,,,,,
JC04A,006,048,025,1,5,LRG,00771,"Messiah Lutheran Church 4765 Kimball Bridge Road
Split (AP14, JC04A, JC04B, JC04C, JC10, JC15)","1,818
132","218
11","72
2","417
18","436
36","2,961
199",,,,,,,,,,,,,,,,,,,
JC04B,006,048,049,1,2,LRG,00773,"Messiah Lutheran Church 4765 Kimball Bridge Road
Split (AP14, JC04A, JC04B, JC04C, JC10, JC15)","131
11","40
1","11
1","58
1","58
7","298
21",,,,,,,,,,,,,,,,,,,
JC04C,006,048,025,1,2,LRG,01028,"Messiah Lutheran Church 4765 Kimball Bridge Road
Split (AP14, JC04A, JC04B, JC04C, JC10, JC15)","612
55","152
5","48
1","142
8","195
20","1,149
89",,,,,,,,,,,,,,,,,,,
JC05,006,048,050,1,5,LRG,00770,Abbotts Hill Elementary School 5575 Abbotts Bridge Road,"1,212
87","278
16","98
4","293
10","372
21","2,253
138",,,,,,,,,,,,,,,,,,,
JC06,006,048,050,1,5,LRG,00770,"Northview High School 10625 Parsons Road
Split (JC02, JC06)","1,309
143","328
17","72
7","512
25","453
44","2,674
236",,,,,,,,,,,,,,,,,,,
JC07,006,048,050,1,5,LRG,00770,Wilson Creek Elementary Sch 6115 Wilson Rd,"1,840
143","476
33","121
9","1,162
46","737
61","4,336
292",,,,,,,,,,,,,,,,,,,
JC08,006,048,050,1,5,LRG,00770,"Taylor Road Middle School 5150 Taylor Road
Split (JC08, JC09)","1,624
101","256
20","117
6","350
14","457
34","2,804
175",,,,,,,,,,,,,,,,,,,
JC09,006,048,050,1,5,LRG,00770,"Taylor Road Middle School 5150 Taylor Road
Split (JC08, JC09)","1,564
117","415
23","175
6","398
17","521
49","3,073
212",,,,,,,,,,,,,,,,,,,
JC10,006,048,050,1,5,LRG,00770,"Messiah Lutheran Church 4765 Kimball Bridge Road
Split (AP14, JC04A, JC04B, JC04C, JC10, JC15)","1,307
112","362
23","156
13","255
15","441
44","2,521
207",,,,,,,,,,,,,,,,,,,
JC11,006,048,050,1,5,LRG,00770,Johns Creek High School 5575 State Bridge Rd,"1,984
146","319
15","85
5","373
23","487
32","3,248
221",,,,,,,,,,,,,,,,,,,
JC12,006,048,050,1,5,LRG,00770,"Dolvin Elementary School 10495 Jones Bridge Road
Split (JC12, JC14)","1,679
90","167
6","31
1","343
5","378
20","2,598
122",,,,,,,,,,,,,,,,,,,
JC13A,006,056,095,1,5,LRG,00774,"Autry Mill Middle School 4110 Old Alabama Road
Split (JC13A, JC13B)","1,534
66","101
5","39
1","202
2","313
15","2,189
89",,,,,,,,,,,,,,,,,,,
JC13B,006,048,050,1,5,LRG,00770,"Autry Mill Middle School 4110 Old Alabama Road
Split (JC13A, JC13B)","203
10","4
0","1
0","15
0","42
0","265
10",,,,,,,,,,,,,,,,,,,
JC14,006,056,050,1,5,LRG,00776,"Dolvin Elementary School 10495 Jones Bridge Road
Split (JC12, JC14)","1,514
123","152
2","54
2","401
15","383
37","2,504
179",,,,,,,,,,,,,,,,,,,
JC15,006,056,049,1,5,LRG,00777,"Messiah Lutheran Church 4765 Kimball Bridge Road
Split (AP14, JC04A, JC04B, JC04C, JC10, JC15)","420
24","126
5","91
0","67
4","167
15","871
48",,,,,,,,,,,,,,,,,,,
JC16,006,056,049,1,5,LRG,00777,Prince Of Peace Lutheran Church 10250 Haynes Bridge Road,"1,719
112","200
9","109
3","166
7","378
32","2,572
163",,,,,,,,,,,,,,,,,,,
JC18,006,056,051,1,7,LRG,00778,"Hillside Elem School 9250 Scott Rd
Split (JC18, RW22A)","2,000
81","195
6","57
4","136
8","363
19","2,751
118",,,,,,,,,,,,,,,,,,,
JC19,006,056,051,1,7,LRG,00778,"Johns Creek Environmental Campus 8100 Holcomb Bridge Rd
Split (JC19, RW21, SS01)","2,521
153","476
25","137
8","201
9","590
52","3,925
247",,,,,,,,,,,,,,,,,,,
ML01A,006,056,047,2,2,LRG,01030,"Milton Library 855 Mayfield Rd
Split (ML01A, ML01B)","1,740
110","104
2","63
3","279
7","385
24","2,571
146",,,,,,,,,,,,,,,,,,,
ML01B,006,056,047,2,1,LRG,01031,"Milton Library 855 Mayfield Rd
Split (ML01A, ML01B)","539
25","21
1","24
0","20
4","75
7","679
37",,,,,,,,,,,,,,,,,,,
ML02A,006,021,022,2,2,LRG,01032,"Birmingham Falls Elem 14865 Birmingham Hwy
Split (ML02A, ML02B)","1,881
97","83
2","58
3","56
2","330
32","2,408
136",,,,,,,,,,,,,,,,,,,
ML02B,006,021,047,2,2,LRG,01033,"Birmingham Falls Elem 14865 Birmingham Hwy
Split (ML02A, ML02B)","1,356
43","73
1","31
1","50
0","259
22","1,769
67",,,,,,,,,,,,,,,,,,,
ML03,006,021,047,2,2,LRG,01033,"Hopewell Baptist Church 15730 Hopewell Rd
Split (ML03, ML07A, ML07B)","2,926
168","149
5","71
0","97
1","570
50","3,813
224",,,,,,,,,,,,,,,,,,,
ML04,006,021,047,2,2,LRG,01033,"Cogburn Woods Elem School 13080 Cogburn Rd
Split (ML04, ML05)","2,273
115","178
14","65
2","176
9","464
32","3,156
172",,,,,,,,,,,,,,,,,,,
ML05,006,021,047,2,2,LRG,01033,"Cogburn Woods Elem School 13080 Cogburn Rd
Split (ML04, ML05)","2,775
220","541
26","182
12","273
3","763
63","4,534
324",,,,,,,,,,,,,,,,,,,
ML06A,006,021,047,2,2,LRG,01033,"Manning Oaks Elementary School 405 Cumming St
Split (AP07A, AP07B, ML06A)","885
137","495
42","130
16","108
6","374
53","1,992
254",,,,,,,,,,,,,,,,,,,
ML06B,006,021,047,2,2,LRG,01033,Cambridge High School 2845 Bethany Bend,"1,433
142","478
34","204
9","276
15","522
49","2,913
249",,,,,,,,,,,,,,,,,,,
ML07A,006,021,022,2,2,LRG,01032,"Hopewell Baptist Church 15730 Hopewell Rd
Split (ML03, ML07A, ML07B)","587
34","23
2","33
3","13
1","95
6","751
46",,,,,,,,,,,,,,,,,,,
ML07B,006,021,047,2,2,LRG,01033,"Hopewell Baptist Church 15730 Hopewell Rd
Split (ML03, ML07A, ML07B)","1,056
46","83
3","43
2","87
2","248
18","1,517
71",,,,,,,,,,,,,,,,,,,
MP01,006,056,047,2,1,LRG,00922,Mountain Park Community Center 100 Lakeshore Dr,"369
29","10
1","8
1","2
1","60
6","449
38",,,,,,,,,,,,,,,,,,,
PA01,013,035,065,6,4,LRG,00924,"Palmetto Library
9111 Cascade Palmetto Hwy","625
50","1,610
92","96
3","15
1","399
25","2,745
171",,,,,,,,,,,,,,,,,,,
RW01,006,056,048,2,1,LRG,00779,"Roswell Library 115 Norcross St
Split (RW01, RW10, RW11A)","3,721
206","249
13","108
4","126
4","569
41","4,773
268",,,,,,,,,,,,,,,,,,,
RW02,006,056,048,2,1,LRG,00779,"Independence High School 791 Mimosa Blvd
Split (RW02, RW03)","2,816
152","235
17","106
1","125
6","576
41","3,858
217",,,,,,,,,,,,,,,,,,,
RW03,006,056,048,2,1,LRG,00779,"Independence High School 791 Mimosa Blvd
Split (RW02, RW03)","2,705
212","819
68","293
17","135
12","730
71","4,682
380",,,,,,,,,,,,,,,,,,,
RW04,006,056,051,1,7,LRG,00780,River Eves Elementary 9000 Eves Road,"1,402
83","73
2","49
2","35
2","253
21","1,812
110",,,,,,,,,,,,,,,,,,,
RW05,006,056,048,2,1,LRG,00779,Elkins Pointe Middle School 11290 Elkins Road,"1,219
99","600
42","247
9","83
14","462
60","2,611
224",,,,,,,,,,,,,,,,,,,
RW06,006,056,051,1,7,LRG,00780,"Saint Mary's Orthodox Church 1950 Old Alabama Rd
Split (RW06, RW13)","1,959
121","311
38","105
6","73
4","439
46","2,887
215",,,,,,,,,,,,,,,,,,,
RW07A,006,056,048,1,1,LRG,00781,"Mimosa Elementary School 1550 Warsaw Rd
Split (AP03, RW07A, RW07B)","329
43","742
74","215
10","24
1","365
48","1,675
176",,,,,,,,,,,,,,,,,,,
RW07B,006,056,048,2,1,LRG,00779,"Mimosa Elementary School 1550 Warsaw Rd
Split (AP03, RW07A, RW07B)","127
18","79
4","132
1","16
0","73
2","427
25",,,,,,,,,,,,,,,,,,,
RW08,006,056,048,2,1,LRG,00779,Crosspointe Community Church 77 E Crossville Rd Suite 203,"1,785
132","103
6","64
5","49
0","301
30","2,302
173",,,,,,,,,,,,,,,,,,,
RW09,006,056,047,2,1,LRG,00782,"North River Baptist Church 12090 Hardscrabble Road
Split (RW09, RW19)","4,721
277","281
7","92
6","138
3","779
50","6,011
343",,,,,,,,,,,,,,,,,,,
RW10,006,056,048,2,1,LRG,00779,"Roswell Library 115 Norcross St
Split (RW01, RW10, RW11A)","2,781
153","119
10","77
0","64
1","418
21","3,459
185",,,,,,,,,,,,,,,,,,,
RW11A,006,056,048,2,1,LRG,00779,"Roswell Library 115 Norcross St
Split (RW01, RW10, RW11A)","1,850
118","385
24","96
6","40
3","386
37","2,757
188",,,,,,,,,,,,,,,,,,,
RW12,006,056,047,2,1,LRG,00782,"Lebanon Church 11250 Crabapple Road
Split (RW12, RW16)","4,515
301","308
15","137
4","258
8","848
51","6,066
379",,,,,,,,,,,,,,,,,,,
RW13,006,056,048,1,7,LRG,00925,"Saint Mary's Orthodox Church 1950 Old Alabama Rd
Split (RW06, RW13)","2,479
173","345
25","171
17","109
10","504
57","3,608
282",,,,,,,,,,,,,,,,,,,
RW16,006,056,048,2,1,LRG,00779,"Lebanon Church 11250 Crabapple Road
Split (RW12, RW16)","1,354
74","171
11","49
3","63
6","281
16","1,918
110",,,,,,,,,,,,,,,,,,,
RW17,006,056,048,1,1,LRG,00781,"Jackson, Esther S Elem School 1400 Martin Rd","1,770
152","457
37","155
12","44
2","498
56","2,924
259",,,,,,,,,,,,,,,,,,,
RW19,006,056,047,2,1,LRG,00782,"North River Baptist Church 12090 Hardscrabble Road
Split (RW09, RW19)","1,519
69","117
5","40
3","95
5","275
17","2,046
99",,,,,,,,,,,,,,,,,,,
RW20,006,056,051,1,7,LRG,00780,"East Roswell Library
2301 Holcomb Bridge Road","1,690
123","255
16","57
2","107
2","395
26","2,504
169",,,,,,,,,,,,,,,,,,,
RW21,006,056,051,1,7,LRG,00780,"Johns Creek Environmental Campus 8100 Holcomb Bridge Rd
Split (JC19, RW21, SS01)","2,262
134","317
30","105
5","113
5","389
25","3,186
199",,,,,,,,,,,,,,,,,,,
RW22A,006,056,051,1,7,LRG,00780,"Hillside Elem School 9250 Scott Rd
Split (JC18, RW22A)","2,208
230","1,133
111","237
21","135
14","818
73","4,531
449",,,,,,,,,,,,,,,,,,,
SC01A,005,038,061,6,4,01,00991,"Wolf Creek Library 3100 Enon Rd Sw
Split (FC01, SC01A, SC01B, SC01C, SC20)","3
0","15
1","0
0","0
0","4
0","22
1",,,,,,,,,,,,,,,,,,,
SC01B,005,038,061,6,4,02,01027,"Wolf Creek Library 3100 Enon Rd Sw
Split (FC01, SC01A, SC01B, SC01C, SC20)","26
3","1,575
46","11
0","4
0","266
16","1,882
65",,,,,,,,,,,,,,,,,,,
SC01C,005,038,061,6,4,01,00991,"Wolf Creek Library 3100 Enon Rd Sw
Split (FC01, SC01A, SC01B, SC01C, SC20)","34
1","1,842
42","8
1","6
0","292
12","2,182
56",,,,,,,,,,,,,,,,,,,
SC02,005,038,055,6,4,01,01004,Southwest Art Center 915 New Hope Rd,"16
2","1,203
29","3
0","3
0","168
2","1,393
33",,,,,,,,,,,,,,,,,,,
SC04,013,035,065,6,4,04,00993,Fire Station No. 17 8675 Ridge Rd,"285
14","540
23","20
1","1
1","150
6","996
45",,,,,,,,,,,,,,,,,,,
SC05A,013,035,065,6,4,03,00996,"Cliftondale Community House 4645 Butner Rd
Split (SC05A, SC05D, SC05E)","10
0","582
15","5
0","1
1","92
4","690
20",,,,,,,,,,,,,,,,,,,
SC05B,013,035,062,5,4,03,00997,Cliftondale Church 4095 Stonewall Tell Rd,"88
6","2,805
110","26
2","6
2","515
23","3,440
143",,,,,,,,,,,,,,,,,,,
SC05D,013,035,062,6,4,04,00998,"Cliftondale Community House 4645 Butner Rd
Split (SC05A, SC05D, SC05E)","75
4","2,033
60","23
1","5
0","362
16","2,498
81",,,,,,,,,,,,,,,,,,,
SC05E,013,035,062,6,4,03,01014,"Cliftondale Community House 4645 Butner Rd
Split (SC05A, SC05D, SC05E)","86
3","475
18","8
0","4
0","87
5","660
26",,,,,,,,,,,,,,,,,,,
SC07A,013,035,065,6,4,04,00993,"Bear Creek Middle School 7415 Herndon Rd
Split (SC07A, SC07C)","486
34","4,557
167","92
3","21
1","901
45","6,057
250",,,,,,,,,,,,,,,,,,,
SC07C,013,035,065,6,4,07,01022,"Bear Creek Middle School 7415 Herndon Rd
Split (SC07A, SC07C)","10
0","18
1","4
1","0
0","3
0","35
2",,,,,,,,,,,,,,,,,,,
SC08B,013,039,064,6,6,05,01016,"Banneker High School 6015 Feldwood Rd Split (SC08B, SC08C, SC08D, SC08E, SC08F, SC08G, SC08H)",124     5,3155     99,36     4,14     0,469     24,3798     132,,,,,,,,,,,,,,,,,,,
SC08C,013,039,062,5,6,03,00999,"Banneker High School 6015 Feldwood Rd Split (SC08B, SC08C, SC08D, SC08E, SC08F, SC08G, SC08H)",1     0,70     2,3     0,1     0,13     1,88     3,,,,,,,,,,,,,,,,,,,
SC08D,013,039,063,6,6,05,01011,"Banneker High School 6015 Feldwood Rd Split (SC08B, SC08C, SC08D, SC08E, SC08F, SC08G, SC08H)",7     1,433     18,8     0,1     0,92     2,541     21,,,,,,,,,,,,,,,,,,,
SC08E,013,035,064,6,6,05,01010,"Banneker High School 6015 Feldwood Rd Split (SC08B, SC08C, SC08D, SC08E, SC08F, SC08G, SC08H)",9     1,541     20,4     1,3     0,95     6,652     28,,,,,,,,,,,,,,,,,,,
SC08F,013,039,065,5,6,03,01001,"Banneker High School 6015 Feldwood Rd Split (SC08B, SC08C, SC08D, SC08E, SC08F, SC08G, SC08H)",24     0,614     20,1     0,1     0,100     3,740     23,,,,,,,,,,,,,,,,,,,
SC08G,013,039,065,6,6,05,01015,"Banneker High School 6015 Feldwood Rd Split (SC08B, SC08C, SC08D, SC08E, SC08F, SC08G, SC08H)",2     0,5     0,0     0,0     0,2     0,9     0,,,,,,,,,,,,,,,,,,,
SC08H,013,039,065,6,6,03,01019,"Banneker High School 6015 Feldwood Rd Split (SC08B, SC08C, SC08D, SC08E, SC08F, SC08G, SC08H)",0     1,1     0,0     0,0     0,0     1,1     2,,,,,,,,,,,,,,,,,,,
SC09A,013,039,063,6,6,05,01011,"Burdett Park Gym 2945 Burdett Rd
Split (SC09A, SC09B, SC09C, SC27)","28
0","1,464
86","18
1","21
0","223
17","1,754
104",,,,,,,,,,,,,,,,,,,
SC09B,013,039,064,6,6,05,01016,"Burdett Park Gym 2945 Burdett Rd
Split (SC09A, SC09B, SC09C, SC27)","32
3","1,533
53","15
0","7
0","216
7","1,803
63",,,,,,,,,,,,,,,,,,,
SC09C,013,039,063,6,6,06,01012,"Burdett Park Gym 2945 Burdett Rd
Split (SC09A, SC09B, SC09C, SC27)","32
1","1,471
46","15
1","4
0","212
12","1,734
60",,,,,,,,,,,,,,,,,,,
SC10,013,039,063,6,6,05,01011,"Tracey Wyatt Recreation Center 2300 Godby Rd
Split (CP081, CP083, CP084, CP08A, SC10)","48
3","1,533
106","21
2","2
0","187
20","1,791
131",,,,,,,,,,,,,,,,,,,
SC11A,013,039,063,6,6,06,01012,"Creel Park
2775 Creel Road
Split (SC11A, SC11B)","27
1","1,282
47","6
0","2
0","187
5","1,504
53",,,,,,,,,,,,,,,,,,,
SC11B,013,039,064,6,6,06,01013,"Creel Park
2775 Creel Road
Split (SC11A, SC11B)","25
2","1,335
43","13
1","3
0","188
3","1,564
49",,,,,,,,,,,,,,,,,,,
SC13,013,035,065,6,4,04,00993,Langston Hughes High School 7510 Hall Road,"140
5","2,138
92","33
3","4
0","380
30","2,695
130",,,,,,,,,,,,,,,,,,,
SC14A,005,038,061,6,4,01,00991,"Southwest Regional Library 3665 Cascade Rd
Split (SC14A, SC30A, SC30B)","19
2","824
57","9
0","2
1","125
8","979
68",,,,,,,,,,,,,,,,,,,
SC15,013,035,062,6,4,02,00992,The Enon Church 3550 Enon Rd,"184
20","5,392
236","66
5","21
0","911
55","6,574
316",,,,,,,,,,,,,,,,,,,
SC16A,005,038,061,6,4,01,00991,"Sandtown Park Recreation Center 5320 Campbellton Rd
Split (FC03, SC16A)","81
4","4,154
173","23
3","14
1","615
36","4,887
217",,,,,,,,,,,,,,,,,,,
SC17A,013,039,062,5,6,03,00999,"Welcome All Park, Community House 4255 Will Lee Road Split (SC17A, SC17B, SC17C, SC18A, SC18B, SC18C)",1     0,47     6,0     0,0     0,4     1,52     7,,,,,,,,,,,,,,,,,,,
SC17B,013,039,065,5,6,03,01001,"Welcome All Park, Community House 4255 Will Lee Road Split (SC17A, SC17B, SC17C, SC18A, SC18B, SC18C)",7     0,2     0,0     0,0     0,2     1,11     1,,,,,,,,,,,,,,,,,,,
SC17C,013,039,064,5,6,03,01002,"Welcome All Park, Community House 4255 Will Lee Road Split (SC17A, SC17B, SC17C, SC18A, SC18B, SC18C)",31     5,1009     23,8     0,3     0,126     8,1177     36,,,,,,,,,,,,,,,,,,,
SC18A,005,035,061,5,4,02,01003,"Welcome All Park, Community House 4255 Will Lee Road Split (SC17A, SC17B, SC17C, SC18A, SC18B, SC18C)",12     3,444     27,10     0,1     0,78     7,545     37,,,,,,,,,,,,,,,,,,,
SC18B,013,035,062,5,4,02,00994,"Welcome All Park, Community House 4255 Will Lee Road Split (SC17A, SC17B, SC17C, SC18A, SC18B, SC18C)",28     1,643     8,7     1,3     0,108     3,789    13,,,,,,,,,,,,,,,,,,,
SC18C,013,035,062,5,4,03,00997,"Welcome All Park, Community House 4255 Will Lee Road Split (SC17A, SC17B, SC17C, SC18A, SC18B, SC18C)",61     3,1627     36,12     0,3     0,245     4,1948     43,,,,,,,,,,,,,,,,,,,
SC19A,013,039,062,5,6,03,00999,"Solid Rock Pentecostal Church 4707 Washington Rd
Split (SC19A, SC19B)","7
0","164
3","1
0","0
0","31
1","203
4",,,,,,,,,,,,,,,,,,,
SC19B,013,039,064,5,6,03,01002,"Solid Rock Pentecostal Church 4707 Washington Rd
Split (SC19A, SC19B)","45
0","1,208
36","22
1","2
0","179
11","1,456
48",,,,,,,,,,,,,,,,,,,
SC20,013,035,062,5,4,02,00994,"Wolf Creek Library 3100 Enon Rd Sw
Split (FC01, SC01A, SC01B, SC01C, SC20)","58
5","1,950
80","15
1","7
0","329
16","2,359
102",,,,,,,,,,,,,,,,,,,
SC211,013,035,064,6,6,07,01005,"Christian City Welcome Center 7345 Red Oak Rd
Split (SC211, SC212, UC031, UC032)","53
2","1,287
55","19
1","3
0","225
16","1,587
74",,,,,,,,,,,,,,,,,,,
SC212,013,035,064,6,4,07,01006,"Christian City Welcome Center 7345 Red Oak Rd
Split (SC211, SC212, UC031, UC032)","169
17","3,065
152","98
2","16
2","566
41","3,914
214",,,,,,,,,,,,,,,,,,,
SC23A,013,039,063,6,6,06,01012,"New Life Presbyterian Church 6600 Old National Hwy
Split (SC23A, SC23B, SC23C)","58
5","2,966
118","34
4","9
0","436
33","3,503
160",,,,,,,,,,,,,,,,,,,
SC23B,013,039,064,6,6,07,01008,"New Life Presbyterian Church 6600 Old National Hwy
Split (SC23A, SC23B, SC23C)","33
1","403
15","14
1","0
0","63
0","513
17",,,,,,,,,,,,,,,,,,,
SC23C,013,039,063,6,6,07,01007,"New Life Presbyterian Church 6600 Old National Hwy
Split (SC23A, SC23B, SC23C)","43
3","2,045
70","38
0","11
0","333
9","2,470
82",,,,,,,,,,,,,,,,,,,
SC27,013,039,063,6,6,06,01012,"Burdett Park Gym 2945 Burdett Rd
Split (SC09A, SC09B, SC09C, SC27)","51
0","1,928
75","16
0","4
1","260
13","2,259
89",,,,,,,,,,,,,,,,,,,
SC29A,013,035,064,6,6,07,01005,S L Lewis Elementary School 6201 Connell Road,"50
9","2,543
83","35
0","3
1","373
13","3,004
106",,,,,,,,,,,,,,,,,,,
SC30A,005,038,055,6,4,01,01004,"Southwest Regional Library 3665 Cascade Rd
Split (SC14A, SC30A, SC30B)","4
0","113
4","0
0","3
0","19
3","139
7",,,,,,,,,,,,,,,,,,,
SC30B,005,038,055,6,3,01,00995,"Southwest Regional Library 3665 Cascade Rd
Split (SC14A, SC30A, SC30B)","23
0","873
59","1
0","0
0","138
10","1,035
69",,,,,,,,,,,,,,,,,,,
SS01,006,040,051,1,7,01,00898,"Johns Creek Environmental Campus 8100 Holcomb Bridge Rd
Split (JC19, RW21, SS01)","3,509
163","263
23","98
8","110
7","623
39","4,603
240",,,,,,,,,,,,,,,,,,,
SS02A,006,056,052,2,3,03,00899,"North Annex 7741 Roswell Rd
Split (SS02A, SS02B, SS19A, SS19B)","767
56","160
17","30
3","26
0","157
20","1,140
96",,,,,,,,,,,,,,,,,,,
SS02B,006,032,052,2,3,03,00900,"North Annex 7741 Roswell Rd
Split (SS02A, SS02B, SS19A, SS19B)","606
42","340
29","68
4","34
1","229
20","1,277
96",,,,,,,,,,,,,,,,,,,
SS03,006,032,052,2,3,03,00900,Lake Forest Elementary School 5920 Sandy Springs Cir,"980
66","155
7","59
2","51
2","264
22","1,509
99",,,,,,,,,,,,,,,,,,,
SS04,006,032,052,2,7,04,00901,"Woodland Elem. School 1130 Spalding Dr
Split (SS04, SS20, SS26)","1,792
142","710
60","150
7","183
17","605
89","3,440
315",,,,,,,,,,,,,,,,,,,
SS05,006,032,052,3,3,03,00902,"Abernathy Arts Center 254 Johnson Ferry Rd
Split (SS05, SS18A, SS18B)","1,442
55","60
0","29
1","30
0","222
15","1,783
71",,,,,,,,,,,,,,,,,,,
SS06,006,006,052,3,3,03,00903,"Sandy Springs Library
395 Mount Vernon Hwy Ne
Split (SS06, SS31)","1,238
39","61
6","30
1","35
1","207
14","1,571
61",,,,,,,,,,,,,,,,,,,
SS07A,006,006,052,2,3,04,00904,"Hammond Park Gym 705 Hammond Drive Ne Split (SS07A, SS07B, SS07C, SS08A, SS08B, SS08C, SS08D)",859     48,39     3,9     1,37     0,164     8,1108     60,,,,,,,,,,,,,,,,,,,
SS07B,006,006,052,3,3,03,00903,"Hammond Park Gym 705 Hammond Drive Ne Split (SS07A, SS07B, SS07C, SS08A, SS08B, SS08C, SS08D)",469     35,112     5,16     0,31     1,109     7,737     48,,,,,,,,,,,,,,,,,,,
SS07C,006,006,080,3,3,05,00905,"Hammond Park Gym 705 Hammond Drive Ne Split (SS07A, SS07B, SS07C, SS08A, SS08B, SS08C, SS08D)",551     43,58     3,33     0,17     0,123     15,782     61,,,,,,,,,,,,,,,,,,,
SS08A,006,006,080,3,3,05,00905,"Hammond Park Gym 705 Hammond Drive Ne Split (SS07A, SS07B, SS07C, SS08A, SS08B, SS08C, SS08D)",761     88,401     30,80     6,105     5,245     33,1592     162,,,,,,,,,,,,,,,,,,,
SS08B,006,006,052,3,3,03,00903,"Hammond Park Gym 705 Hammond Drive Ne Split (SS07A, SS07B, SS07C, SS08A, SS08B, SS08C, SS08D)",497     28,47     1,13     1,15     1,74     9,646     40,,,,,,,,,,,,,,,,,,,
SS08C,006,006,052,2,3,04,00904,"Hammond Park Gym 705 Hammond Drive Ne Split (SS07A, SS07B, SS07C, SS08A, SS08B, SS08C, SS08D)",337     23,121     9,32     0,53     8,118     8,661     48,,,,,,,,,,,,,,,,,,,
SS08D,006,006,080,3,3,03,00906,"Hammond Park Gym 705 Hammond Drive Ne Split (SS07A, SS07B, SS07C, SS08A, SS08B, SS08C, SS08D)",787     93,321     42,64     7,77     10,245     31,1494     183,,,,,,,,,,,,,,,,,,,
SS09A,011,032,052,3,3,06,00907,"Mt Vernon Baptist Church 850 Mt Vernon Hwy Nw
Split (SS09A, SS09B)","2,317
104","198
15","56
7","76
1","420
21","3,067
148",,,,,,,,,,,,,,,,,,,
SS09B,011,006,052,3,3,06,00908,"Mt Vernon Baptist Church 850 Mt Vernon Hwy Nw
Split (SS09A, SS09B)","2,682
110","109
2","52
0","106
8","458
23","3,407
143",,,,,,,,,,,,,,,,,,,
SS11A,006,006,052,3,3,05,00909,"Church Of The Redeemer 5185 Peachtree Dunwoody Rd
Split (SS11A, SS11B, SS11C, SS11D, SS13A, SS13B)","2,109
202","740
93","211
21","122
16","575
88","3,757
420",,,,,,,,,,,,,,,,,,,
SS11B,006,006,052,3,3,06,00910,"Church Of The Redeemer 5185 Peachtree Dunwoody Rd
Split (SS11A, SS11B, SS11C, SS11D, SS13A, SS13B)","629
62","185
25","217
10","41
5","218
32","1,290
134",,,,,,,,,,,,,,,,,,,
SS11C,006,006,080,3,3,06,00911,"Church Of The Redeemer 5185 Peachtree Dunwoody Rd
Split (SS11A, SS11B, SS11C, SS11D, SS13A, SS13B)","96
7","93
11","46
1","10
0","75
7","320
26",,,,,,,,,,,,,,,,,,,
SS11D,011,006,052,3,3,06,00908,"Church Of The Redeemer 5185 Peachtree Dunwoody Rd
Split (SS11A, SS11B, SS11C, SS11D, SS13A, SS13B)","274
25","15
1","9
0","10
1","61
3","369
30",,,,,,,,,,,,,,,,,,,
SS12,006,006,080,3,3,05,00905,"Ridgeview Middle School 5340 South Trimble Rd
Split (SS12, SS14)","1,863
131","238
9","64
1","100
5","405
48","2,670
194",,,,,,,,,,,,,,,,,,,
SS13A,011,006,052,3,3,05,00912,"Church Of The Redeemer 5185 Peachtree Dunwoody Rd
Split (SS11A, SS11B, SS11C, SS11D, SS13A, SS13B)","1,236
97","245
27","105
6","46
5","282
30","1,914
165",,,,,,,,,,,,,,,,,,,
SS13B,011,006,052,3,3,06,00908,"Church Of The Redeemer 5185 Peachtree Dunwoody Rd
Split (SS11A, SS11B, SS11C, SS11D, SS13A, SS13B)","647
58","173
15","60
2","33
3","173
23","1,086
101",,,,,,,,,,,,,,,,,,,
SS14,011,006,080,3,3,05,00913,"Ridgeview Middle School 5340 South Trimble Rd
Split (SS12, SS14)","1,087
53","28
0","30
0","19
0","168
5","1,332
58",,,,,,,,,,,,,,,,,,,
SS15A,006,056,051,2,7,02,00914,"Sandy Springs Middle School 8750 Pride Place
Split (SS15A, SS15B, SS22)","656
92","1,242
121","160
12","36
13","503
63","2,597
301",,,,,,,,,,,,,,,,,,,
SS15B,006,056,051,2,7,01,00915,"Sandy Springs Middle School 8750 Pride Place
Split (SS15A, SS15B, SS22)","818
95","394
42","71
5","32
2","312
45","1,627
189",,,,,,,,,,,,,,,,,,,
SS16,006,032,052,3,3,03,00902,Heard Ferry Elementary School 6151 Powers Ferry Rd NW,"1,674
79","67
0","22
0","32
0","225
12","2,020
91",,,,,,,,,,,,,,,,,,,
SS17,006,040,051,1,7,01,00898,Temple Emanuel 1580 Spalding Dr,"2,199
148","594
72","120
8","72
5","518
67","3,503
300",,,,,,,,,,,,,,,,,,,
SS18A,006,032,052,3,3,03,00902,"Abernathy Arts Center 254 Johnson Ferry Rd
Split (SS05, SS18A, SS18B)","467
31","25
2","9
2","28
0","94
7","623
42",,,,,,,,,,,,,,,,,,,
SS18B,006,032,052,3,7,02,00916,"Abernathy Arts Center 254 Johnson Ferry Rd
Split (SS05, SS18A, SS18B)","179
10","8
0","6
2","11
0","24
2","228
14",,,,,,,,,,,,,,,,,,,
SS19A,006,056,045,2,7,02,00917,"North Annex 7741 Roswell Rd
Split (SS02A, SS02B, SS19A, SS19B)","1,230
162","1,110
164","114
15","83
10","543
73","3,080
424",,,,,,,,,,,,,,,,,,,
SS19B,006,056,052,2,7,02,00918,"North Annex 7741 Roswell Rd
Split (SS02A, SS02B, SS19A, SS19B)","987
80","617
69","99
3","63
4","385
55","2,151
211",,,,,,,,,,,,,,,,,,,
SS20,006,056,051,2,7,01,00915,"Woodland Elem. School 1130 Spalding Dr
Split (SS04, SS20, SS26)","933
74","678
63","115
12","84
9","413
52","2,223
210",,,,,,,,,,,,,,,,,,,
SS22,006,056,045,2,7,02,00917,"Sandy Springs Middle School 8750 Pride Place
Split (SS15A, SS15B, SS22)","1,411
101","649
70","91
4","71
1","459
54","2,681
230",,,,,,,,,,,,,,,,,,,
SS26,006,056,051,2,7,04,00919,"Woodland Elem. School 1130 Spalding Dr
Split (SS04, SS20, SS26)","1,137
138","1,437
224","194
15","97
8","696
126","3,561
511",,,,,,,,,,,,,,,,,,,
SS29A,006,032,080,2,3,04,00920,1st Baptist Ch. Sandy Springs 650 Mt Vernon Hwy,"1,617
158","402
36","95
3","127
13","421
61","2,662
271",,,,,,,,,,,,,,,,,,,
SS31,006,006,052,3,3,03,00903,"Sandy Springs Library
395 Mount Vernon Hwy Ne
Split (SS06, SS31)","1,005
46","250
12","31
1","64
3","223
17","1,573
79",,,,,,,,,,,,,,,,,,,
UC01A,013,035,065,6,6,LRG,00802,"Feldwood Elem School 5790 Feldwood Rd
Split (UC01A, UC01B, UC01D, UC01E)","114
11","3,246
174","45
2","17
0","553
28","3,975
215",,,,,,,,,,,,,,,,,,,
UC01B,013,039,063,6,6,LRG,00923,"Feldwood Elem School 5790 Feldwood Rd
Split (UC01A, UC01B, UC01D, UC01E)","5
3","345
30","2
0","0
0","55
8","407
41",,,,,,,,,,,,,,,,,,,
UC01D,013,039,065,5,6,LRG,00945,"Feldwood Elem School 5790 Feldwood Rd
Split (UC01A, UC01B, UC01D, UC01E)","4
0","0
0","0
0","0
0","2
1","6
1",,,,,,,,,,,,,,,,,,,
UC01E,013,039,062,5,6,LRG,00968,"Feldwood Elem School 5790 Feldwood Rd
Split (UC01A, UC01B, UC01D, UC01E)","5
0","334
6","20
0","2
0","60
6","421
12",,,,,,,,,,,,,,,,,,,
UC02A,013,035,065,6,4,LRG,00804,"Etris Community Center 5285 Lakeside Dr
Split (UC02A, UC02B)","303
16","6,759
300","205
3","34
0","1,181
56","8,482
375",,,,,,,,,,,,,,,,,,,
UC02B,013,035,062,6,4,LRG,00805,"Etris Community Center 5285 Lakeside Dr
Split (UC02A, UC02B)","4
0","29
0","0
0","0
0","1
0","34
0",,,,,,,,,,,,,,,,,,,
UC031,013,035,064,6,6,LRG,00806,"Christian City Welcome Center 7345 Red Oak Rd
Split (SC211, SC212, UC031, UC032)","342
29","1,791
118","22
2","16
0","357
33","2,528
182",,,,,,,,,,,,,,,,,,,
UC032,013,035,064,6,4,LRG,00807,"Christian City Welcome Center 7345 Red Oak Rd
Split (SC211, SC212, UC031, UC032)","50
2","267
9","3
0","5
0","41
1","366
12",,,,,,,,,,,,,,,,,,,
