,,Voting Method,,,,,,
,,Null,Absentee,Early Vote,Mail,Polling,Unknown,
,,Count,Count,Count,Count,Count,Count,
Precinct Name,Null,,7,3,4,14,4,
,ASHLAND - CITY OF ASHLAND - WARD 10,,3,,,7,3,
,ASHLAND - CITY OF ASHLAND - WARD 11,,1,,,1,1,
,ASHLAND - CITY OF ASHLAND - WARD 6,,2,1,,4,2,
,ASHLAND - CITY OF ASHLAND - WARD 8,,2,,,3,3,
,ASHLAND - CITY OF ASHLAND - WARD 9,,,,,1,,
,ASHLAND - TOWN OF GINGLES - WARD 1,,1,,,1,1,
,ASHLAND - TOWN OF MARENGO - WARD 2,,1,,,1,1,
,ASHLAND - TOWN OF SANBORN - WARD 1,,,,,1,,
,ASHLAND - TOWN OF SANBORN - WARD 2,,,,,1,,
,ASHLAND - TOWN OF WHITE RIVER - WARD 1,,3,,,3,1,
,ASHLAND - TOWN OF WHITE RIVER - WARD 2,,,,,1,1,
,BARRON - TOWN OF RICE LAKE - WARD 2,,1,,,1,1,
,BAYFIELD - CITY OF BAYFIELD - WARD 2,,,,1,1,1,
,BAYFIELD - CITY OF BAYFIELD - WARD 4,,1,,,3,1,
,BAYFIELD - CITY OF WASHBURN - WARD 1,,1,,,1,1,
,BAYFIELD - CITY OF WASHBURN - WARD 2,,2,,1,3,1,
,BAYFIELD - CITY OF WASHBURN - WARD 3,,1,,1,1,,
,BAYFIELD - TOWN OF BAYFIELD - WARD 1,,6,,,7,2,
,BAYFIELD - TOWN OF BAYVIEW - WARD 1,,5,,,6,4,
,BAYFIELD - TOWN OF BELL - WARD 1,,2,,,4,2,
,BAYFIELD - TOWN OF GRAND VIEW - WARD 1,,,,,1,,
,BAYFIELD - TOWN OF HUGHES - WARD 1,,,,,1,1,
,BAYFIELD - TOWN OF KELLY - WARD 1,,1,,,1,,
,BAYFIELD - TOWN OF RUSSELL - WARD 1,,8,1,,20,8,
,BAYFIELD - TOWN OF RUSSELL - WARD 2,,3,,,5,3,
,BAYFIELD - TOWN OF WASHBURN - WARD 1,,1,,,1,1,
,BROWN - CITY OF DE PERE - WARD 1,1,1,1,,1,1,
,BROWN - CITY OF DE PERE - WARD 10,,1,1,,1,1,
,BROWN - CITY OF DE PERE - WARD 12,,1,,,1,1,
,BROWN - CITY OF DE PERE - WARD 14,,2,,,2,1,
,BROWN - CITY OF DE PERE - WARD 15,,1,,,1,,
,BROWN - CITY OF DE PERE - WARD 2,,1,1,,1,,
,BROWN - CITY OF DE PERE - WARD 6,,1,,,1,,
,BROWN - CITY OF DE PERE - WARD 7,,,,,1,,
,BROWN - CITY OF DE PERE - WARD 8,,1,,,1,,
,BROWN - CITY OF DE PERE - WARD 9,,,,1,,,
,BROWN - CITY OF GREEN BAY - WARD 10,,1,,,2,,
,BROWN - CITY OF GREEN BAY - WARD 11,,4,,,4,,
,BROWN - CITY OF GREEN BAY - WARD 14,,3,,,4,2,
,BROWN - CITY OF GREEN BAY - WARD 15,,,,,1,1,
,BROWN - CITY OF GREEN BAY - WARD 17,,2,,,2,,
,BROWN - CITY OF GREEN BAY - WARD 18,,2,,,1,1,
,BROWN - CITY OF GREEN BAY - WARD 21,,5,,,7,2,
,BROWN - CITY OF GREEN BAY - WARD 23,,1,,,2,,
,BROWN - CITY OF GREEN BAY - WARD 24,,,,,1,,
,BROWN - CITY OF GREEN BAY - WARD 25,,4,,,4,2,
,BROWN - CITY OF GREEN BAY - WARD 26,,4,,1,4,1,
,BROWN - CITY OF GREEN BAY - WARD 28,,5,,,5,,
,BROWN - CITY OF GREEN BAY - WARD 3,,1,,,1,,
,BROWN - CITY OF GREEN BAY - WARD 30,,1,,,2,,
,BROWN - CITY OF GREEN BAY - WARD 32,,3,,,4,1,
,BROWN - CITY OF GREEN BAY - WARD 35,,1,,,1,,
,BROWN - CITY OF GREEN BAY - WARD 36,,,,1,1,,
,BROWN - CITY OF GREEN BAY - WARD 37,,1,,,3,2,
,BROWN - CITY OF GREEN BAY - WARD 38,,2,,1,1,2,
,BROWN - CITY OF GREEN BAY - WARD 39,,2,,,2,1,
,BROWN - CITY OF GREEN BAY - WARD 4,,9,,,8,4,
,BROWN - CITY OF GREEN BAY - WARD 42,,,,,1,,
,BROWN - CITY OF GREEN BAY - WARD 43,,2,1,,2,,
,BROWN - CITY OF GREEN BAY - WARD 44,,3,,,4,3,
,BROWN - CITY OF GREEN BAY - WARD 45,,4,,,4,1,
,BROWN - CITY OF GREEN BAY - WARD 46,,1,,,,,
,BROWN - CITY OF GREEN BAY - WARD 47,,3,,,3,,
,BROWN - CITY OF GREEN BAY - WARD 6,,10,,,11,2,
,BROWN - CITY OF GREEN BAY - WARD 8,,2,,,1,,
,BROWN - CITY OF GREEN BAY - WARD 9,,4,,,4,3,
,BROWN - TOWN OF GREEN BAY - WARD 1,,1,,,1,,
,BROWN - TOWN OF LAWRENCE - WARD 2,,2,,,2,2,
,BROWN - TOWN OF LAWRENCE - WARD 3,,,,,1,1,
,BROWN - TOWN OF LAWRENCE - WARD 4,,1,,,1,,
,BROWN - TOWN OF LEDGEVIEW - WARD 10,,2,1,1,3,1,
,BROWN - TOWN OF LEDGEVIEW - WARD 2,,1,,,1,1,
,BROWN - TOWN OF LEDGEVIEW - WARD 6,,2,1,,2,1,
,BROWN - TOWN OF LEDGEVIEW - WARD 8,,3,1,,2,1,
,BROWN - TOWN OF SCOTT - WARD 1,,1,,,3,2,
,BROWN - TOWN OF SCOTT - WARD 2,,1,,,1,1,
,BROWN - TOWN OF SCOTT - WARD 4,,1,,,1,1,
,BROWN - VILLAGE OF ALLOUEZ - WARD 1,,2,,,2,,
,BROWN - VILLAGE OF ALLOUEZ - WARD 2,,1,,,2,,
,BROWN - VILLAGE OF ALLOUEZ - WARD 3,,1,,,3,,
,BROWN - VILLAGE OF ALLOUEZ - WARD 4,,4,,,6,3,
,BROWN - VILLAGE OF ALLOUEZ - WARD 5,,,,,1,,
,BROWN - VILLAGE OF ALLOUEZ - WARD 6,,4,,,4,2,
,BROWN - VILLAGE OF ALLOUEZ - WARD 7,,3,,,3,,
,BROWN - VILLAGE OF ALLOUEZ - WARD 8,,4,,,3,2,
,BROWN - VILLAGE OF ASHWAUBENON - WARD 1,,,1,,1,1,
,BROWN - VILLAGE OF ASHWAUBENON - WARD 10,,2,,,5,1,
,BROWN - VILLAGE OF ASHWAUBENON - WARD 11,,1,,,1,,
,BROWN - VILLAGE OF ASHWAUBENON - WARD 3,,1,,,1,1,
,BROWN - VILLAGE OF ASHWAUBENON - WARD 5,,,,,1,,
,BROWN - VILLAGE OF ASHWAUBENON - WARD 6,,3,,,6,4,
,BROWN - VILLAGE OF ASHWAUBENON - WARD 7,,3,,,3,,
,BROWN - VILLAGE OF ASHWAUBENON - WARD 8,,4,,,1,1,
,BROWN - VILLAGE OF BELLEVUE - WARD 1,,1,,,1,1,
,BROWN - VILLAGE OF BELLEVUE - WARD 10,,3,,,4,1,
,BROWN - VILLAGE OF BELLEVUE - WARD 2,,2,,,2,2,
,BROWN - VILLAGE OF BELLEVUE - WARD 3,,2,,,3,1,
,BROWN - VILLAGE OF BELLEVUE - WARD 4,,3,,,3,3,
,BROWN - VILLAGE OF BELLEVUE - WARD 5,,3,,,3,,
,BROWN - VILLAGE OF BELLEVUE - WARD 6,,6,,,7,2,
,BROWN - VILLAGE OF BELLEVUE - WARD 7,,2,,,2,,
,BROWN - VILLAGE OF BELLEVUE - WARD 8,,,,,1,,
,BROWN - VILLAGE OF BELLEVUE - WARD 9,,1,,1,2,,
,BROWN - VILLAGE OF HOBART - WARD 1,,,,,1,,
,BROWN - VILLAGE OF HOBART - WARD 7,,,,,1,,
,BROWN - VILLAGE OF HOBART - WARD 9,,1,,,1,,
,BROWN - VILLAGE OF HOWARD - WARD 1,,2,,,2,,
,BROWN - VILLAGE OF HOWARD - WARD 11,,2,,,3,,
,BROWN - VILLAGE OF HOWARD - WARD 15,,,,,1,,
,BROWN - VILLAGE OF HOWARD - WARD 3,,2,,,1,,
,BROWN - VILLAGE OF HOWARD - WARD 4,,7,,,6,2,
,BROWN - VILLAGE OF HOWARD - WARD 6,,2,,,2,1,
,BROWN - VILLAGE OF HOWARD - WARD 8,,1,,,2,2,
,BROWN - VILLAGE OF HOWARD - WARD 9,,,,,2,,
,BROWN - VILLAGE OF PULASKI - WARD 2,,1,,,1,,
,BROWN - VILLAGE OF SUAMICO - WARD 2,,1,,,1,1,
,BROWN - VILLAGE OF SUAMICO - WARD 3,,3,,,2,,
,BROWN - VILLAGE OF SUAMICO - WARD 6,,1,,,1,,
,BURNETT - TOWN OF DEWEY - WARD 1,,,1,,1,1,
,BURNETT - TOWN OF LA FOLLETTE - WARD 2,,1,,,1,1,
,CALUMET - CITY OF APPLETON - WARD 13,,7,1,1,9,3,
,CALUMET - CITY OF APPLETON - WARD 26,,4,,,4,,
,CALUMET - CITY OF APPLETON - WARD 44,,11,,,21,13,
,CALUMET - CITY OF APPLETON - WARD 45,,8,,,10,3,
,CALUMET - CITY OF MENASHA - WARD 16,,2,,,2,,
,CALUMET - CITY OF MENASHA - WARD 17,,2,,1,2,1,
,CALUMET - TOWN OF STOCKBRIDGE - WARD 3,,1,,,1,,
,CALUMET - VILLAGE OF HARRISON - WARD 12,,2,,,2,,
,CALUMET - VILLAGE OF HARRISON - WARD 18,,6,,,6,3,
,CALUMET - VILLAGE OF HARRISON - WARD 4,,2,1,,2,2,
,CALUMET - VILLAGE OF HARRISON - WARD 6,,1,1,,1,1,
,CALUMET - VILLAGE OF HARRISON - WARD 8,,1,,,,,
,CALUMET - VILLAGE OF HARRISON - WARD 9,,1,,,1,1,
,CALUMET - VILLAGE OF SHERWOOD - WARD 1,,1,,,1,,
,CALUMET - VILLAGE OF SHERWOOD - WARD 3,,1,,,1,1,
,CHIPPEWA - CITY OF CHIPPEWA FALLS - WARD 1,,1,,,1,,
,CHIPPEWA - CITY OF CHIPPEWA FALLS - WARD 2,,,1,,1,,
,CHIPPEWA - CITY OF CHIPPEWA FALLS - WARD 3,,4,,,3,2,
,CHIPPEWA - CITY OF CHIPPEWA FALLS - WARD 4,,1,,,1,,
,CHIPPEWA - CITY OF CHIPPEWA FALLS - WARD 5,,2,,,2,,
,CHIPPEWA - CITY OF CHIPPEWA FALLS - WARD 6,,3,,,3,1,
,CHIPPEWA - CITY OF CHIPPEWA FALLS - WARD 7,,1,,,,,
,CHIPPEWA - CITY OF EAU CLAIRE - WARD 16,,3,,,5,2,
,CHIPPEWA - TOWN OF EAGLE POINT - WARD 1,,,,,1,,
,CHIPPEWA - TOWN OF GOETZ - WARD 1,,,,,1,,
,CHIPPEWA - TOWN OF HOWARD - WARD 1,,,,,1,1,
,CHIPPEWA - TOWN OF LAFAYETTE - WARD 3,,,,,1,1,
,CHIPPEWA - TOWN OF TILDEN - WARD 3,,1,,,1,,
,CHIPPEWA - TOWN OF WHEATON - WARD 3,,,,,4,2,
,CHIPPEWA - VILLAGE OF LAKE HALLIE - WARD 4,,1,,,1,1,
,CHIPPEWA - VILLAGE OF LAKE HALLIE - WARD 5,,1,,,1,1,
,CLARK - TOWN OF PINE VALLEY - WARD 2,,1,,,1,,
,COLUMBIA - CITY OF COLUMBUS - WARD 5,,2,,,2,,
,COLUMBIA - CITY OF COLUMBUS - WARD 6,,,,,1,,
,COLUMBIA - CITY OF PORTAGE - WARD 3,,1,,1,1,,
,COLUMBIA - TOWN OF COLUMBUS - WARD 1,,,2,,2,,
,COLUMBIA - TOWN OF LEEDS - WARD 1,,,,,1,,
,COLUMBIA - TOWN OF PACIFIC - WARD 2,,1,,,1,,
,COLUMBIA - TOWN OF WEST POINT - WARD 1,,1,,,1,1,
,COLUMBIA - VILLAGE OF POYNETTE - WARD 2,,1,,,1,,
,CRAWFORD - TOWN OF PRAIRIE DU CHIEN - WARD 1,,1,,,1,,
,DANE - CITY OF FITCHBURG - WARD 1,,9,,,9,2,
,DANE - CITY OF FITCHBURG - WARD 10,,,,,1,,
,DANE - CITY OF FITCHBURG - WARD 12,,6,,1,5,1,
,DANE - CITY OF FITCHBURG - WARD 13,,24,,,25,9,
,DANE - CITY OF FITCHBURG - WARD 14,,17,,1,14,3,
,DANE - CITY OF FITCHBURG - WARD 15,,18,1,,14,2,
,DANE - CITY OF FITCHBURG - WARD 16,,2,,,2,1,
,DANE - CITY OF FITCHBURG - WARD 17,,2,,,2,1,
,DANE - CITY OF FITCHBURG - WARD 18,,14,,,13,9,
,DANE - CITY OF FITCHBURG - WARD 19,,21,1,,20,8,
,DANE - CITY OF FITCHBURG - WARD 2,,8,,,8,1,
,DANE - CITY OF FITCHBURG - WARD 3,,3,,2,4,,
,DANE - CITY OF FITCHBURG - WARD 4,,7,,,6,1,
,DANE - CITY OF FITCHBURG - WARD 5,,30,,,27,10,
,DANE - CITY OF FITCHBURG - WARD 6,,26,,,23,8,
,DANE - CITY OF FITCHBURG - WARD 7,,13,,1,13,7,
,DANE - CITY OF FITCHBURG - WARD 8,,13,1,3,16,5,
,DANE - CITY OF FITCHBURG - WARD 9,,6,,2,7,2,
,DANE - CITY OF MADISON - WARD 1,,19,,2,22,9,
,DANE - CITY OF MADISON - WARD 10,,12,,,12,2,
,DANE - CITY OF MADISON - WARD 100,,35,2,,37,12,
,DANE - CITY OF MADISON - WARD 101,,9,1,,10,3,
,DANE - CITY OF MADISON - WARD 102,,55,3,2,53,20,
,DANE - CITY OF MADISON - WARD 103,,8,,,7,1,
,DANE - CITY OF MADISON - WARD 104,,32,1,1,40,5,
,DANE - CITY OF MADISON - WARD 105,,47,2,1,42,9,
,DANE - CITY OF MADISON - WARD 106,,84,2,2,75,23,
,DANE - CITY OF MADISON - WARD 107,,46,,2,42,5,
,DANE - CITY OF MADISON - WARD 108,,23,2,3,30,10,
,DANE - CITY OF MADISON - WARD 109,,34,1,2,40,13,
,DANE - CITY OF MADISON - WARD 11,,6,,,7,,
,DANE - CITY OF MADISON - WARD 110,,20,1,3,21,5,
,DANE - CITY OF MADISON - WARD 111,,68,4,3,65,26,
,DANE - CITY OF MADISON - WARD 12,,6,,,7,3,
,DANE - CITY OF MADISON - WARD 122,,2,1,,3,,
,DANE - CITY OF MADISON - WARD 124,,1,,,1,1,
,DANE - CITY OF MADISON - WARD 13,,1,,,1,,
,DANE - CITY OF MADISON - WARD 15,,2,,,2,1,
,DANE - CITY OF MADISON - WARD 16,,8,,,9,2,
,DANE - CITY OF MADISON - WARD 17,,1,,,1,,
,DANE - CITY OF MADISON - WARD 18,,1,,,5,1,
,DANE - CITY OF MADISON - WARD 19,,5,,,9,3,
,DANE - CITY OF MADISON - WARD 2,,3,,,2,1,
,DANE - CITY OF MADISON - WARD 21,,10,,,11,1,
,DANE - CITY OF MADISON - WARD 22,,9,,,13,2,
,DANE - CITY OF MADISON - WARD 23,,13,,,16,2,
,DANE - CITY OF MADISON - WARD 24,,3,,,4,3,
,DANE - CITY OF MADISON - WARD 25,,13,,,14,6,
,DANE - CITY OF MADISON - WARD 26,,6,,,8,3,
,DANE - CITY OF MADISON - WARD 28,,6,,2,8,3,
,DANE - CITY OF MADISON - WARD 29,,9,,,9,3,
,DANE - CITY OF MADISON - WARD 3,,7,,1,8,6,
,DANE - CITY OF MADISON - WARD 31,,4,,,4,2,
,DANE - CITY OF MADISON - WARD 32,,7,,,11,3,
,DANE - CITY OF MADISON - WARD 33,,6,,,7,2,
,DANE - CITY OF MADISON - WARD 34,,7,,,7,1,
,DANE - CITY OF MADISON - WARD 35,,13,,1,19,11,
,DANE - CITY OF MADISON - WARD 36,,13,,,9,4,
,DANE - CITY OF MADISON - WARD 37,,8,,,7,2,
,DANE - CITY OF MADISON - WARD 38,,25,,,33,15,
,DANE - CITY OF MADISON - WARD 39,,11,2,1,15,7,
,DANE - CITY OF MADISON - WARD 4,,1,,,1,,
,DANE - CITY OF MADISON - WARD 40,,7,1,1,8,1,
,DANE - CITY OF MADISON - WARD 41,,20,1,4,24,10,
,DANE - CITY OF MADISON - WARD 42,,23,2,6,28,8,
,DANE - CITY OF MADISON - WARD 43,,3,,,3,1,
,DANE - CITY OF MADISON - WARD 44,,1,1,,3,1,
,DANE - CITY OF MADISON - WARD 45,,32,4,5,36,8,
,DANE - CITY OF MADISON - WARD 46,,19,1,3,20,9,
,DANE - CITY OF MADISON - WARD 47,,13,,,17,2,
,DANE - CITY OF MADISON - WARD 48,,8,,,8,,
,DANE - CITY OF MADISON - WARD 49,,40,2,5,41,3,
,DANE - CITY OF MADISON - WARD 5,,2,,,2,,
,DANE - CITY OF MADISON - WARD 50,,32,,2,39,3,
,DANE - CITY OF MADISON - WARD 51,,28,2,2,29,13,
,DANE - CITY OF MADISON - WARD 52,,15,1,2,20,8,
,DANE - CITY OF MADISON - WARD 53,,59,3,6,51,11,
,DANE - CITY OF MADISON - WARD 54,,5,,,3,,
,DANE - CITY OF MADISON - WARD 55,,29,,2,35,5,
,DANE - CITY OF MADISON - WARD 56,,10,,,7,,
,DANE - CITY OF MADISON - WARD 57,,10,2,1,14,2,
,DANE - CITY OF MADISON - WARD 58,,15,,,8,,
,DANE - CITY OF MADISON - WARD 59,,14,1,1,10,,
,DANE - CITY OF MADISON - WARD 6,,6,1,,9,3,
,DANE - CITY OF MADISON - WARD 60,,9,1,3,14,1,
,DANE - CITY OF MADISON - WARD 61,,31,3,3,33,13,
,DANE - CITY OF MADISON - WARD 62,,13,,1,14,3,
,DANE - CITY OF MADISON - WARD 63,,45,4,3,51,14,
,DANE - CITY OF MADISON - WARD 64,,16,1,2,16,7,
,DANE - CITY OF MADISON - WARD 65,,21,2,4,24,10,
,DANE - CITY OF MADISON - WARD 66,,32,4,2,37,6,
,DANE - CITY OF MADISON - WARD 67,,38,1,,42,14,
,DANE - CITY OF MADISON - WARD 68,,21,,3,25,8,
,DANE - CITY OF MADISON - WARD 69,,26,,3,26,10,
,DANE - CITY OF MADISON - WARD 7,,5,1,,7,3,
,DANE - CITY OF MADISON - WARD 70,,7,,1,7,2,
,DANE - CITY OF MADISON - WARD 71,,19,,,28,11,
,DANE - CITY OF MADISON - WARD 72,,6,,,14,,
,DANE - CITY OF MADISON - WARD 73,,12,,1,17,3,
,DANE - CITY OF MADISON - WARD 74,,1,,,1,,
,DANE - CITY OF MADISON - WARD 75,,12,1,1,12,7,
,DANE - CITY OF MADISON - WARD 76,,3,,,3,2,
,DANE - CITY OF MADISON - WARD 77,,15,,1,17,5,
,DANE - CITY OF MADISON - WARD 78,,21,2,,19,9,
,DANE - CITY OF MADISON - WARD 79,,40,,2,42,12,
,DANE - CITY OF MADISON - WARD 8,,13,1,,16,5,
,DANE - CITY OF MADISON - WARD 81,,17,,1,18,6,
,DANE - CITY OF MADISON - WARD 82,,20,,2,18,6,
,DANE - CITY OF MADISON - WARD 83,,18,,,17,7,
,DANE - CITY OF MADISON - WARD 84,,31,4,5,38,14,
,DANE - CITY OF MADISON - WARD 85,,24,1,1,25,8,
,DANE - CITY OF MADISON - WARD 86,,28,2,2,30,12,
,DANE - CITY OF MADISON - WARD 87,,50,2,2,50,32,
,DANE - CITY OF MADISON - WARD 88,,47,,2,42,19,
,DANE - CITY OF MADISON - WARD 89,,24,2,6,24,9,
,DANE - CITY OF MADISON - WARD 9,,23,2,,27,12,
,DANE - CITY OF MADISON - WARD 90,,11,,,10,3,
,DANE - CITY OF MADISON - WARD 91,,20,,1,21,6,
,DANE - CITY OF MADISON - WARD 92,,17,,1,15,5,
,DANE - CITY OF MADISON - WARD 93,,2,,,1,,
,DANE - CITY OF MADISON - WARD 94,,4,1,,4,3,
,DANE - CITY OF MADISON - WARD 95,,15,,1,15,9,
,DANE - CITY OF MADISON - WARD 96,,,,,1,1,
,DANE - CITY OF MADISON - WARD 97,,48,1,2,48,15,
,DANE - CITY OF MADISON - WARD 98,,3,2,5,12,2,
,DANE - CITY OF MADISON - WARD 99,,2,,3,2,,
,DANE - CITY OF MIDDLETON - WARD 1,,6,1,,6,2,
,DANE - CITY OF MIDDLETON - WARD 10,,15,,,19,5,
,DANE - CITY OF MIDDLETON - WARD 11,,12,,1,17,9,
,DANE - CITY OF MIDDLETON - WARD 12,,26,1,1,25,12,
,DANE - CITY OF MIDDLETON - WARD 13,,3,,,3,,
,DANE - CITY OF MIDDLETON - WARD 14,,7,,,5,2,
,DANE - CITY OF MIDDLETON - WARD 15,,2,,,2,1,
,DANE - CITY OF MIDDLETON - WARD 16,,3,,1,3,,
,DANE - CITY OF MIDDLETON - WARD 17,,23,,,23,13,
,DANE - CITY OF MIDDLETON - WARD 18,,4,,,4,1,
,DANE - CITY OF MIDDLETON - WARD 2,,13,1,2,13,2,
,DANE - CITY OF MIDDLETON - WARD 3,,11,,,11,6,
,DANE - CITY OF MIDDLETON - WARD 4,,6,,1,5,5,
,DANE - CITY OF MIDDLETON - WARD 5,,5,,,5,,
,DANE - CITY OF MIDDLETON - WARD 6,,8,,,8,1,
,DANE - CITY OF MIDDLETON - WARD 7,,3,,,2,,
,DANE - CITY OF MIDDLETON - WARD 8,,2,,,2,2,
,DANE - CITY OF MIDDLETON - WARD 9,,1,,,1,1,
,DANE - CITY OF MONONA - WARD 1,,4,,,4,4,
,DANE - CITY OF MONONA - WARD 10,,5,,2,6,4,
,DANE - CITY OF MONONA - WARD 2,,2,,,3,1,
,DANE - CITY OF MONONA - WARD 3,,3,,,4,3,
,DANE - CITY OF MONONA - WARD 4,,2,,,2,,
,DANE - CITY OF MONONA - WARD 5,,1,,,1,1,
,DANE - CITY OF MONONA - WARD 6,,,,,1,,
,DANE - CITY OF MONONA - WARD 9,,5,,,5,2,
,DANE - CITY OF STOUGHTON - WARD 4,,1,,,1,1,
,DANE - CITY OF SUN PRAIRIE - WARD 1,,7,,,8,2,
,DANE - CITY OF SUN PRAIRIE - WARD 10,,6,,,7,,
,DANE - CITY OF SUN PRAIRIE - WARD 11,,4,,,4,,
,DANE - CITY OF SUN PRAIRIE - WARD 12,,9,,,9,2,
,DANE - CITY OF SUN PRAIRIE - WARD 13,,20,,,20,10,
,DANE - CITY OF SUN PRAIRIE - WARD 14,,10,,,10,,
,DANE - CITY OF SUN PRAIRIE - WARD 15,,21,,,17,3,
,DANE - CITY OF SUN PRAIRIE - WARD 16,,8,,,8,1,
,DANE - CITY OF SUN PRAIRIE - WARD 17,,4,,,4,1,
,DANE - CITY OF SUN PRAIRIE - WARD 18,,,1,,1,,
,DANE - CITY OF SUN PRAIRIE - WARD 19,,20,,,18,2,
,DANE - CITY OF SUN PRAIRIE - WARD 2,,5,,,6,3,
,DANE - CITY OF SUN PRAIRIE - WARD 22,,,,,1,,
,DANE - CITY OF SUN PRAIRIE - WARD 3,,6,,1,9,2,
,DANE - CITY OF SUN PRAIRIE - WARD 4,,2,,2,4,,
,DANE - CITY OF SUN PRAIRIE - WARD 5,,2,1,1,4,1,
,DANE - CITY OF SUN PRAIRIE - WARD 6,,5,,,5,2,
,DANE - CITY OF SUN PRAIRIE - WARD 7,,12,,,19,4,
,DANE - CITY OF SUN PRAIRIE - WARD 8,,,,,2,1,
,DANE - CITY OF SUN PRAIRIE - WARD 9,,14,1,2,18,6,
,DANE - CITY OF VERONA - WARD 1,,4,,1,6,,
,DANE - CITY OF VERONA - WARD 2,,5,,1,5,1,
,DANE - CITY OF VERONA - WARD 3,,5,,,6,3,
,DANE - CITY OF VERONA - WARD 4,,3,1,,3,2,
,DANE - CITY OF VERONA - WARD 5,,5,,,4,,
,DANE - CITY OF VERONA - WARD 6,,7,,,7,2,
,DANE - CITY OF VERONA - WARD 7,,7,1,,6,2,
,DANE - CITY OF VERONA - WARD 8,,10,1,2,10,3,
,DANE - CITY OF VERONA - WARD 9,,12,,,11,2,
,DANE - TOWN OF BERRY - WARD 2,,1,,,1,,
,DANE - TOWN OF BLOOMING GROVE - WARD 1,,,,,1,1,
,DANE - TOWN OF BRISTOL - WARD 4,,1,,,3,1,
,DANE - TOWN OF BURKE - WARD 1,,10,,,11,4,
,DANE - TOWN OF BURKE - WARD 2,,3,,,5,3,
,DANE - TOWN OF BURKE - WARD 3,,2,,2,1,3,
,DANE - TOWN OF BURKE - WARD 4,,,,,2,,
,DANE - TOWN OF COTTAGE GROVE - WARD 4,,3,,,3,,
,DANE - TOWN OF COTTAGE GROVE - WARD 6,,1,,,1,,
,DANE - TOWN OF CROSS PLAINS - WARD 1,,2,,,1,1,
,DANE - TOWN OF CROSS PLAINS - WARD 2,,1,1,,1,1,
,DANE - TOWN OF DANE - WARD 1,,,,,2,2,
,DANE - TOWN OF DUNN - WARD 1,,1,,,1,1,
,DANE - TOWN OF DUNN - WARD 3,,1,,,1,,
,DANE - TOWN OF DUNN - WARD 5,,1,,,1,,
,DANE - TOWN OF MADISON - WARD 1,,7,,1,10,1,
,DANE - TOWN OF MADISON - WARD 2,,2,,,1,1,
,DANE - TOWN OF MADISON - WARD 3,,4,,,5,5,
,DANE - TOWN OF MADISON - WARD 5,,2,1,,1,,
,DANE - TOWN OF MADISON - WARD 6,,3,,,5,,
,DANE - TOWN OF MADISON - WARD 7,,6,2,,5,1,
,DANE - TOWN OF MADISON - WARD 8,,2,,,2,1,
,DANE - TOWN OF MADISON - WARD 9,,6,,,8,,
,DANE - TOWN OF MIDDLETON - WARD 1,,4,,,6,4,
,DANE - TOWN OF MIDDLETON - WARD 2,,6,,,6,3,
,DANE - TOWN OF MIDDLETON - WARD 3,,4,,,4,1,
,DANE - TOWN OF MIDDLETON - WARD 5,,3,1,,4,3,
,DANE - TOWN OF MIDDLETON - WARD 6,,16,,,14,,
,DANE - TOWN OF MIDDLETON - WARD 7,,10,,,11,3,
,DANE - TOWN OF MIDDLETON - WARD 8,,14,,,13,2,
,DANE - TOWN OF PLEASANT SPRINGS - WARD 1,,4,,,4,,
,DANE - TOWN OF SPINGDALE - WARD 1,,1,,,1,,
,DANE - TOWN OF SPRINGDALE - WARD 2,,,,,3,,
,DANE - TOWN OF SPRINGFIELD - WARD 1,,,,,1,,
,DANE - TOWN OF SPRINGFIELD - WARD 2,,1,,,1,,
,DANE - TOWN OF SPRINGFIELD - WARD 3,,1,,1,1,,
,DANE - TOWN OF SUN PRAIRIE - WARD 1,,6,,,5,3,
,DANE - TOWN OF SUN PRAIRIE - WARD 2,,1,,,1,,
,DANE - TOWN OF SUN PRAIRIE - WARD 3,,5,,,8,5,
,DANE - TOWN OF VERMONT - WARD 1,,1,,,1,1,
,DANE - TOWN OF VERONA - WARD 2,,2,,,2,3,
,DANE - TOWN OF VERONA - WARD 3,,3,,,1,,
,DANE - TOWN OF VIENNA - WARD 1,,1,,,1,1,
,DANE - TOWN OF VIENNA - WARD 2,,,,,1,1,
,DANE - TOWN OF WESTPORT - WARD 1,,1,,,1,1,
,DANE - TOWN OF WESTPORT - WARD 2,,2,,,2,2,
,DANE - TOWN OF WESTPORT - WARD 3,,2,,,2,1,
,DANE - TOWN OF WESTPORT - WARD 4,,7,,,5,,
,DANE - TOWN OF WESTPORT - WARD 5,,3,1,1,3,,
,DANE - VILLAGE OF BELLEVILLE - WARD 2,,1,,,1,,
,DANE - VILLAGE OF COTTAGE GROVE - WARD 1,,5,,,4,3,
,DANE - VILLAGE OF COTTAGE GROVE - WARD 2,,4,,,5,4,
,DANE - VILLAGE OF COTTAGE GROVE - WARD 3,,7,,2,7,4,
,DANE - VILLAGE OF COTTAGE GROVE - WARD 4,,7,,,7,1,
,DANE - VILLAGE OF COTTAGE GROVE - WARD 5,,3,,,3,1,
,DANE - VILLAGE OF COTTAGE GROVE - WARD 6,,5,,,9,3,
,DANE - VILLAGE OF COTTAGE GROVE - WARD 7,,,,,1,,
,DANE - VILLAGE OF COTTAGE GROVE - WARD 9,,3,,,3,2,
,DANE - VILLAGE OF CROSS PLAINS - WARD 3,,2,,,3,1,
,DANE - VILLAGE OF DEERFIELD - WARD 3,,2,1,,2,,
,DANE - VILLAGE OF DEFOREST - WARD 1,,2,,,3,1,
,DANE - VILLAGE OF DEFOREST - WARD 10,,1,,,1,,
,DANE - VILLAGE OF DEFOREST - WARD 11,,,,,2,,
,DANE - VILLAGE OF DEFOREST - WARD 12,,3,1,,3,,
,DANE - VILLAGE OF DEFOREST - WARD 2,,4,,,4,1,
,DANE - VILLAGE OF DEFOREST - WARD 3,,2,,1,2,1,
,DANE - VILLAGE OF DEFOREST - WARD 7,,7,,,10,3,
,DANE - VILLAGE OF DEFOREST - WARD 8,,2,,1,2,,
,DANE - VILLAGE OF DEFOREST - WARD 9,,1,,,1,,
,DANE - VILLAGE OF MAPLE BLUFF - WARD 1,,1,,,1,1,
,DANE - VILLAGE OF MARSHALL - WARD 1,,1,,,1,,
,DANE - VILLAGE OF MARSHALL - WARD 4,,1,,,2,1,
,DANE - VILLAGE OF MCFARLAND - WARD 1,,1,,,1,,
,DANE - VILLAGE OF MCFARLAND - WARD 10,,,,,1,1,
,DANE - VILLAGE OF MCFARLAND - WARD 2,,1,,,1,,
,DANE - VILLAGE OF MCFARLAND - WARD 3,,2,,,2,,
,DANE - VILLAGE OF MCFARLAND - WARD 4,,1,,,1,1,
,DANE - VILLAGE OF MCFARLAND - WARD 5,,1,,,1,,
,DANE - VILLAGE OF MCFARLAND - WARD 7,,1,,,,,
,DANE - VILLAGE OF MCFARLAND - WARD 9,,1,,,1,,
,DANE - VILLAGE OF MOUNT HOREB - WARD 5,,1,1,,1,,
,DANE - VILLAGE OF MOUNT HOREB - WARD 6,,1,,,,,
,DANE - VILLAGE OF OREGON - WARD 10,,,,,1,,
,DANE - VILLAGE OF OREGON - WARD 12,,1,1,,1,1,
,DANE - VILLAGE OF OREGON - WARD 6,,1,,,1,,
,DANE - VILLAGE OF OREGON - WARD 7,,1,,,1,,
,DANE - VILLAGE OF OREGON - WARD 9,,2,,,4,,
,DANE - VILLAGE OF SHOREWOOD HILLS - WARD 1,,8,2,,8,2,
,DANE - VILLAGE OF SHOREWOOD HILLS - WARD 2,,10,1,3,8,5,
,DANE - VILLAGE OF WAUNAKEE - WARD 1,,1,,,1,,
,DANE - VILLAGE OF WAUNAKEE - WARD 10,,25,,1,27,3,
,DANE - VILLAGE OF WAUNAKEE - WARD 2,,1,,,1,1,
,DANE - VILLAGE OF WAUNAKEE - WARD 3,,6,,1,9,3,
,DANE - VILLAGE OF WAUNAKEE - WARD 4,,1,,,1,,
,DANE - VILLAGE OF WAUNAKEE - WARD 6,,2,,,2,1,
,DANE - VILLAGE OF WAUNAKEE - WARD 9,,14,,,10,5,
,DANE - VILLAGE OF WINDSOR - WARD 2,,,,,2,2,
,DANE - VILLAGE OF WINDSOR - WARD 3,,1,,,1,,
,DANE - VILLAGE OF WINDSOR - WARD 4,,7,1,,7,2,
,DANE - VILLAGE OF WINDSOR - WARD 5,,7,,,8,2,
,DANE - VILLAGE OF WINDSOR - WARD 6,,1,,,1,,
,DANE - VILLAGE OF WINDSOR - WARD 8,,10,,,10,,
,DODGE - CITY OF BEAVER DAM - WARD 11,,1,,,1,,
,DODGE - CITY OF FOX LAKE - WARD 2,,1,,,1,,
,DODGE - CITY OF HORICON - WARD 1,,,,,1,,
,DODGE - CITY OF WATERTOWN - WARD 6,,1,,,1,1,
,DODGE - TOWN OF EMMET - WARD 2,,1,,,,,
,DODGE - TOWN OF HERMAN - WARD 1,,1,1,,,,
,DODGE - TOWN OF LEROY - WARD 1,,1,,,1,1,
,DODGE - VILLAGE OF RANDOLPH - WARD 1,,1,,,1,,
,DOOR - TOWN OF SEVASTOPOL - WARD 2,,1,,,1,1,
,DOUGLAS - CITY OF SUPERIOR - WARD 24,,1,,,1,,
,DOUGLAS - CITY OF SUPERIOR - WARD 27,,,,,1,,
,DOUGLAS - CITY OF SUPERIOR - WARD 3,,2,,,2,2,
,DOUGLAS - TOWN OF SOLON SPRINGS - WARD 1,,1,,,1,1,
,DOUGLAS - VILLAGE OF SUPERIOR - WARD 1,,,,,1,,
,DUNN - CITY OF MENOMONIE - WARD 1,,6,,,6,1,
,DUNN - CITY OF MENOMONIE - WARD 10,,,,,2,1,
,DUNN - CITY OF MENOMONIE - WARD 11,,4,,,4,,
,DUNN - CITY OF MENOMONIE - WARD 2,,3,,,3,,
,DUNN - CITY OF MENOMONIE - WARD 3,,,,,1,,
,DUNN - CITY OF MENOMONIE - WARD 5,,,,,1,,
,DUNN - CITY OF MENOMONIE - WARD 6,,2,,,2,,
,DUNN - CITY OF MENOMONIE - WARD 7,,1,,,2,,
,DUNN - CITY OF MENOMONIE - WARD 8,,1,2,,5,1,
,DUNN - CITY OF MENOMONIE - WARD 9,,1,,,3,,
,DUNN - TOWN OF ELK MOUND - WARD 2,,1,,,1,,
,DUNN - TOWN OF ELK MOUND - WARD 3,,3,,,3,,
,DUNN - TOWN OF MENOMONIE - WARD 2,,1,,,1,,
,DUNN - TOWN OF RED CEDAR - WARD 1,,1,,,5,1,
,DUNN - TOWN OF SAND CREEK - WARD 1,,1,,,1,,
,DUNN - TOWN OF SPRING BROOK - WARD 2,,,,,1,,
,DUNN - TOWN OF TAINTER - WARD 3,,2,,,2,2,
,DUNN - VILLAGE OF ELK MOUND - WARD 1,,1,,,2,,
,EAU CLAIRE - CITY OF ALTOONA - WARD 10,,1,,,,,
,EAU CLAIRE - CITY OF ALTOONA - WARD 11,,1,,,1,1,
,EAU CLAIRE - CITY OF ALTOONA - WARD 7,,,,,1,,
,EAU CLAIRE - CITY OF ALTOONA - WARD 8,,2,,,3,,
,EAU CLAIRE - CITY OF ALTOONA - WARD 9,,1,,,1,,
,EAU CLAIRE - CITY OF EAU CLAIRE - WARD 1,,6,,,7,1,
,EAU CLAIRE - CITY OF EAU CLAIRE - WARD 10,,4,1,,5,1,
,EAU CLAIRE - CITY OF EAU CLAIRE - WARD 11,,1,,,3,,
,EAU CLAIRE - CITY OF EAU CLAIRE - WARD 12,,5,,,6,5,
,EAU CLAIRE - CITY OF EAU CLAIRE - WARD 13,,2,,,2,2,
,EAU CLAIRE - CITY OF EAU CLAIRE - WARD 14,,1,,1,1,1,
,EAU CLAIRE - CITY OF EAU CLAIRE - WARD 15,,7,1,,11,4,
,EAU CLAIRE - CITY OF EAU CLAIRE - WARD 17,,10,,,13,6,
,EAU CLAIRE - CITY OF EAU CLAIRE - WARD 18,,6,2,,8,4,
,EAU CLAIRE - CITY OF EAU CLAIRE - WARD 19,,2,,,2,,
,EAU CLAIRE - CITY OF EAU CLAIRE - WARD 2,,4,,,5,3,
,EAU CLAIRE - CITY OF EAU CLAIRE - WARD 20,,2,,,3,1,
,EAU CLAIRE - CITY OF EAU CLAIRE - WARD 21,,10,,,16,1,
,EAU CLAIRE - CITY OF EAU CLAIRE - WARD 22,,,,,2,,
,EAU CLAIRE - CITY OF EAU CLAIRE - WARD 23,,7,,,13,2,
,EAU CLAIRE - CITY OF EAU CLAIRE - WARD 24,,1,,,2,,
,EAU CLAIRE - CITY OF EAU CLAIRE - WARD 25,,12,,,12,7,
,EAU CLAIRE - CITY OF EAU CLAIRE - WARD 26,,,,,2,,
,EAU CLAIRE - CITY OF EAU CLAIRE - WARD 27,,1,,,1,1,
,EAU CLAIRE - CITY OF EAU CLAIRE - WARD 28,,2,,,3,1,
,EAU CLAIRE - CITY OF EAU CLAIRE - WARD 29,,,,,1,,
,EAU CLAIRE - CITY OF EAU CLAIRE - WARD 3,,10,2,,10,2,
,EAU CLAIRE - CITY OF EAU CLAIRE - WARD 30,,12,,,16,5,
,EAU CLAIRE - CITY OF EAU CLAIRE - WARD 31,,4,,,4,1,
,EAU CLAIRE - CITY OF EAU CLAIRE - WARD 32,,2,,,3,,
,EAU CLAIRE - CITY OF EAU CLAIRE - WARD 33,,2,,,3,2,
,EAU CLAIRE - CITY OF EAU CLAIRE - WARD 34,,2,,,3,,
,EAU CLAIRE - CITY OF EAU CLAIRE - WARD 35,,4,,,8,3,
,EAU CLAIRE - CITY OF EAU CLAIRE - WARD 36,,3,,,5,2,
,EAU CLAIRE - CITY OF EAU CLAIRE - WARD 37,,4,,,5,1,
,EAU CLAIRE - CITY OF EAU CLAIRE - WARD 38,,6,1,,4,2,
,EAU CLAIRE - CITY OF EAU CLAIRE - WARD 39,,4,,,4,,
,EAU CLAIRE - CITY OF EAU CLAIRE - WARD 42,,4,,1,5,1,
,EAU CLAIRE - CITY OF EAU CLAIRE - WARD 43,,3,,,3,2,
,EAU CLAIRE - CITY OF EAU CLAIRE - WARD 44,,,,,2,,
,EAU CLAIRE - CITY OF EAU CLAIRE - WARD 45,,5,,,6,4,
,EAU CLAIRE - CITY OF EAU CLAIRE - WARD 46,,1,,,9,3,
,EAU CLAIRE - CITY OF EAU CLAIRE - WARD 48,,,,,2,,
,EAU CLAIRE - CITY OF EAU CLAIRE - WARD 6,,3,,,3,,
,EAU CLAIRE - CITY OF EAU CLAIRE - WARD 65,,2,,,3,2,
,EAU CLAIRE - CITY OF EAU CLAIRE - WARD 7,,7,,,15,,
,EAU CLAIRE - CITY OF EAU CLAIRE - WARD 8,,3,,,3,,
,EAU CLAIRE - CITY OF EAU CLAIRE - WARD 9,,1,,,1,,
,EAU CLAIRE - TOWN OF BRUNSWICK - WARD 1,,1,,,1,1,
,EAU CLAIRE - TOWN OF DRAMMEN - WARD 1,,,,,1,,
,EAU CLAIRE - TOWN OF PLEASANT VALLEY - WARD 2,,1,,,1,,
,EAU CLAIRE - TOWN OF PLEASANT VALLEY - WARD 3,,1,,,1,,
,EAU CLAIRE - TOWN OF PLEASANT VALLEY - WARD 4,,7,,,8,4,
,EAU CLAIRE - TOWN OF SEYMOUR - WARD 1,,1,,,2,1,
,EAU CLAIRE - TOWN OF SEYMOUR - WARD 6,,,,,1,,
,EAU CLAIRE - TOWN OF UNION - WARD 1,,4,,,6,2,
,EAU CLAIRE - TOWN OF UNION - WARD 2,,,,,1,,
,EAU CLAIRE - TOWN OF UNION - WARD 4,,1,,,1,,
,EAU CLAIRE - TOWN OF WASHINGTON - WARD 1,,3,,,4,,
,EAU CLAIRE - TOWN OF WASHINGTON - WARD 12,,1,,,,,
,EAU CLAIRE - TOWN OF WASHINGTON - WARD 2,,1,,,1,,
,EAU CLAIRE - TOWN OF WASHINGTON - WARD 3,,2,,,3,1,
,EAU CLAIRE - TOWN OF WASHINGTON - WARD 6,,1,,1,1,,
,EAU CLAIRE - TOWN OF WASHINGTON - WARD 8,,2,,,3,2,
,EAU CLAIRE - TOWN OF WASHINGTON - WARD 9,,,,,3,2,
,FOND DU LAC - CITY OF FOND DU LAC - WARD 1,,1,,,1,,
,FOND DU LAC - CITY OF FOND DU LAC - WARD 10,,1,,,1,1,
,FOND DU LAC - CITY OF FOND DU LAC - WARD 11,,1,,,1,1,
,FOND DU LAC - CITY OF FOND DU LAC - WARD 14,,2,1,,2,,
,FOND DU LAC - CITY OF FOND DU LAC - WARD 15,,1,,,3,1,
,FOND DU LAC - CITY OF FOND DU LAC - WARD 19,,1,1,,2,1,
,FOND DU LAC - CITY OF FOND DU LAC - WARD 21,,1,,,1,,
,FOND DU LAC - CITY OF FOND DU LAC - WARD 22,,,,,1,,
,FOND DU LAC - CITY OF FOND DU LAC - WARD 24,,2,,,2,,
,FOND DU LAC - CITY OF FOND DU LAC - WARD 25,,2,,,2,,
,FOND DU LAC - CITY OF FOND DU LAC - WARD 3,,2,,,2,2,
,FOND DU LAC - CITY OF FOND DU LAC - WARD 4,,4,,,6,2,
,FOND DU LAC - CITY OF FOND DU LAC - WARD 5,,,,,1,,
,FOND DU LAC - CITY OF FOND DU LAC - WARD 6,,1,,,1,,
,FOND DU LAC - CITY OF FOND DU LAC - WARD 9,,2,,,3,,
,FOND DU LAC - TOWN OF FOND DU LAC - WARD 2,,,,,1,1,
,FOND DU LAC - TOWN OF FRIENDSHIP - WARD 3,,,,,1,,
,FOND DU LAC - VILLAGE OF OAKFIELD - WARD 2,,,,,2,,
,FOREST - CITY OF CRANDON - WARD 3,,2,1,,2,1,
,FOREST - TOWN OF ARGONNE - WARD 2,,,,,1,,
,FOREST - TOWN OF CRANDON - WARD 1,,1,,,2,1,
,FOREST - TOWN OF CRANDON - WARD 3,,1,,,1,1,
,FOREST - TOWN OF LAONA - WARD 2,,1,,,2,2,
,FOREST - TOWN OF LINCOLN - WARD 3,,,,,1,1,
,FOREST - TOWN OF NASHVILLE - WARD 1,,,,,2,2,
,FOREST - TOWN OF NASHVILLE - WARD 2,,,,,3,1,
,FOREST - TOWN OF WABENO - WARD 4,,,,,1,,
,GRANT - CITY OF FENNIMORE - WARD 2,,,,,1,,
,GRANT - CITY OF FENNIMORE - WARD 4,,,,,1,,
,GRANT - CITY OF PLATTEVILLE - WARD 2,,2,,,3,2,
,GRANT - CITY OF PLATTEVILLE - WARD 7,,1,,,1,1,
,GRANT - TOWN OF ELLENBORO - WARD 1,,1,,,1,,
,GRANT - TOWN OF PLATTEVILLE - WARD 1,,2,,,2,,
,GREEN LAKE - CITY OF BERLIN - WARD 1,,1,,,1,,
,GREEN LAKE - TOWN OF BERLIN - WARD 3,,1,,,1,,
,JACKSON - CITY OF BLACK RIVER FALLS - WARD 2,,,,1,1,1,
,JACKSON - TOWN OF BROCKWAY - WARD 1,,,,,1,,
,JACKSON - TOWN OF BROCKWAY - WARD 2,,1,,,1,1,
,JACKSON - TOWN OF BROCKWAY - WARD 4,,2,,,2,2,
,JACKSON - TOWN OF KOMENSKY - WARD 1,,,,,1,,
,JEFFERSON - CITY OF LAKE MILLS - WARD 6,,1,,,1,1,
,JEFFERSON - CITY OF WATERTOWN - WARD 13,,1,,,1,,
,JEFFERSON - CITY OF WATERTOWN - WARD 15,,1,,,1,1,
,JEFFERSON - CITY OF WATERTOWN - WARD 18,,2,,,2,1,
,JEFFERSON - TOWN OF IXONIA - WARD 5,,1,,,1,1,
,JEFFERSON - TOWN OF WATERTOWN - WARD 1,,1,,,1,1,
,JEFFERSON - VILLAGE OF JOHNSON CREEK - WARD 2,,1,,,1,,
,JUNEAU - TOWN OF LISBON - WARD 2,,1,,,1,1,
,JUNEAU - TOWN OF NECEDAH - WARD 3,,,,,1,,
,JUNEAU - TOWN OF NECEDAH - WARD 4,,2,2,,2,,
,JUNEAU - TOWN OF PLYMOUTH - WARD 1,,1,,,1,1,
,KENOSHA - CITY OF KENOSHA - WARD 12,,1,,,,1,
,KENOSHA - CITY OF KENOSHA - WARD 13,,4,,,4,1,
,KENOSHA - CITY OF KENOSHA - WARD 14,,3,,,3,3,
,KENOSHA - CITY OF KENOSHA - WARD 15,,,1,,1,1,
,KENOSHA - CITY OF KENOSHA - WARD 22,,,,,1,1,
,KENOSHA - CITY OF KENOSHA - WARD 23,,2,2,,1,2,
,KENOSHA - CITY OF KENOSHA - WARD 25,,1,,,,1,
,KENOSHA - CITY OF KENOSHA - WARD 34,,1,,,1,,
,KENOSHA - CITY OF KENOSHA - WARD 4,,1,,,1,,
,KENOSHA - CITY OF KENOSHA - WARD 44,,1,,,1,1,
,KENOSHA - CITY OF KENOSHA - WARD 49,,1,1,,1,,
,KENOSHA - CITY OF KENOSHA - WARD 5,,,,,1,1,
,KENOSHA - CITY OF KENOSHA - WARD 51,,,,,1,,
,KENOSHA - CITY OF KENOSHA - WARD 54,,1,,,1,1,
,KENOSHA - CITY OF KENOSHA - WARD 6,,2,1,2,3,2,
,KENOSHA - CITY OF KENOSHA - WARD 63,,,,,1,,
,KENOSHA - CITY OF KENOSHA - WARD 64,,2,,,2,,
,KENOSHA - CITY OF KENOSHA - WARD 72,,5,1,,6,2,
,KENOSHA - CITY OF KENOSHA - WARD 73,,,,,1,1,
,KENOSHA - CITY OF KENOSHA - WARD 75,,9,,,9,5,
,KENOSHA - CITY OF KENOSHA - WARD 76,,2,1,,4,2,
,KENOSHA - CITY OF KENOSHA - WARD 77,,6,2,,10,3,
,KENOSHA - CITY OF KENOSHA - WARD 78,,14,,,12,2,
,KENOSHA - CITY OF KENOSHA - WARD 79,,7,,,8,2,
,KENOSHA - CITY OF KENOSHA - WARD 8,,2,,,2,2,
,KENOSHA - CITY OF KENOSHA - WARD 84,,1,,,1,1,
,KENOSHA - TOWN OF PARIS - WARD 1,,1,,,,,
,KENOSHA - VILLAGE OF BRISTOL - WARD 1,,2,2,,2,2,
,KENOSHA - VILLAGE OF BRISTOL - WARD 2,,1,,,1,1,
,KENOSHA - VILLAGE OF PLEASANT PRAIRIE - WARD 1,,1,,,2,1,
,KENOSHA - VILLAGE OF PLEASANT PRAIRIE - WARD 10,,6,,1,6,5,
,KENOSHA - VILLAGE OF PLEASANT PRAIRIE - WARD 12,,2,1,1,2,1,
,KENOSHA - VILLAGE OF PLEASANT PRAIRIE - WARD 13,,2,,,2,,
,KENOSHA - VILLAGE OF PLEASANT PRAIRIE - WARD 14,,11,2,1,14,10,
,KENOSHA - VILLAGE OF PLEASANT PRAIRIE - WARD 2,,1,,,1,,
,KENOSHA - VILLAGE OF PLEASANT PRAIRIE - WARD 3,,7,,,7,1,
,KENOSHA - VILLAGE OF PLEASANT PRAIRIE - WARD 4,,1,1,,1,1,
,KENOSHA - VILLAGE OF PLEASANT PRAIRIE - WARD 5,,2,1,1,2,3,
,KENOSHA - VILLAGE OF PLEASANT PRAIRIE - WARD 7,,1,,1,,1,
,KENOSHA - VILLAGE OF PLEASANT PRAIRIE - WARD 8,,8,1,,8,7,
,KENOSHA - VILLAGE OF PLEASANT PRAIRIE - WARD 9,,2,,,2,1,
,KENOSHA - VILLAGE OF SALEM LAKES - WARD 2,,1,,,1,,
,KENOSHA - VILLAGE OF SALEM LAKES - WARD 5,,1,,,1,,
,KENOSHA - VILLAGE OF SALEM LAKES - WARD 6,,1,,,,1,
,KENOSHA - VILLAGE OF SALEM LAKES - WARD 7,,,,,1,,
,KENOSHA - VILLAGE OF SOMERS - WARD 12,,2,,,2,,
,KENOSHA - VILLAGE OF SOMERS - WARD 5,,,,,3,1,
,KENOSHA - VILLAGE OF SOMERS - WARD 7,,1,,1,1,1,
,KENOSHA - VILLAGE OF TWIN LAKES - WARD 2,,1,,,1,1,
,LA CROSSE - CITY OF LA CROSSE - WARD 1,,5,,,9,2,
,LA CROSSE - CITY OF LA CROSSE - WARD 11,,1,,,2,,
,LA CROSSE - CITY OF LA CROSSE - WARD 12,,3,,,3,1,
,LA CROSSE - CITY OF LA CROSSE - WARD 13,,1,,,1,,
,LA CROSSE - CITY OF LA CROSSE - WARD 14,,3,,,4,1,
,LA CROSSE - CITY OF LA CROSSE - WARD 15,,3,,,3,2,
,LA CROSSE - CITY OF LA CROSSE - WARD 16,,4,,2,7,3,
,LA CROSSE - CITY OF LA CROSSE - WARD 17,,10,,,12,2,
,LA CROSSE - CITY OF LA CROSSE - WARD 18,,4,,,5,2,
,LA CROSSE - CITY OF LA CROSSE - WARD 2,,2,,,1,,
,LA CROSSE - CITY OF LA CROSSE - WARD 20,,1,,,2,,
,LA CROSSE - CITY OF LA CROSSE - WARD 21,,3,,,4,2,
,LA CROSSE - CITY OF LA CROSSE - WARD 22,,13,,,16,3,
,LA CROSSE - CITY OF LA CROSSE - WARD 23,,1,,,3,,
,LA CROSSE - CITY OF LA CROSSE - WARD 24,,3,,,3,,
,LA CROSSE - CITY OF LA CROSSE - WARD 25,,1,,,3,2,
,LA CROSSE - CITY OF LA CROSSE - WARD 26,,8,,,9,5,
,LA CROSSE - CITY OF LA CROSSE - WARD 27,,4,,,9,6,
,LA CROSSE - CITY OF LA CROSSE - WARD 28,,3,,,4,,
,LA CROSSE - CITY OF LA CROSSE - WARD 29,,5,,,6,3,
,LA CROSSE - CITY OF LA CROSSE - WARD 3,,11,,,14,9,
,LA CROSSE - CITY OF LA CROSSE - WARD 4,,4,,,7,5,
,LA CROSSE - CITY OF LA CROSSE - WARD 5,,6,,,9,5,
,LA CROSSE - CITY OF LA CROSSE - WARD 6,,11,,1,11,1,
,LA CROSSE - CITY OF LA CROSSE - WARD 7,,9,,,15,3,
,LA CROSSE - CITY OF LA CROSSE - WARD 8,,,,,2,1,
,LA CROSSE - CITY OF LA CROSSE - WARD 9,,4,,,4,2,
,LA CROSSE - CITY OF ONALASKA - WARD 1,,5,,,5,3,
,LA CROSSE - CITY OF ONALASKA - WARD 10,,3,,,3,2,
,LA CROSSE - CITY OF ONALASKA - WARD 11,,20,,2,17,13,
,LA CROSSE - CITY OF ONALASKA - WARD 12,,5,,,5,1,
,LA CROSSE - CITY OF ONALASKA - WARD 2,,2,,,3,1,
,LA CROSSE - CITY OF ONALASKA - WARD 3,,2,,,3,3,
,LA CROSSE - CITY OF ONALASKA - WARD 4,,1,,,3,1,
,LA CROSSE - CITY OF ONALASKA - WARD 5,,7,,,10,7,
,LA CROSSE - CITY OF ONALASKA - WARD 6,,11,,,13,4,
,LA CROSSE - CITY OF ONALASKA - WARD 7,,11,,,10,3,
,LA CROSSE - CITY OF ONALASKA - WARD 8,,8,,1,7,4,
,LA CROSSE - CITY OF ONALASKA - WARD 9,,2,,,3,,
,LA CROSSE - TOWN OF CAMPBELL - WARD 3,,4,,,4,2,
,LA CROSSE - TOWN OF CAMPBELL - WARD 4,,4,,,4,1,
,LA CROSSE - TOWN OF CAMPBELL - WARD 5,,1,,,1,,
,LA CROSSE - TOWN OF CAMPBELL - WARD 6,,2,,,2,1,
,LA CROSSE - TOWN OF GREENFIELD - WARD 2,,,,,1,,
,LA CROSSE - TOWN OF HAMILTON - WARD 5,,1,,,2,2,
,LA CROSSE - TOWN OF HOLLAND - WARD 2,,1,,,2,,
,LA CROSSE - TOWN OF HOLLAND - WARD 4,,5,,,5,2,
,LA CROSSE - TOWN OF HOLLAND - WARD 5,,,,,1,,
,LA CROSSE - TOWN OF ONALASKA - WARD 1,,1,,,1,1,
,LA CROSSE - TOWN OF ONALASKA - WARD 3,,3,1,,4,2,
,LA CROSSE - TOWN OF ONALASKA - WARD 5,,,,,2,,
,LA CROSSE - TOWN OF ONALASKA - WARD 6,,2,,,2,1,
,LA CROSSE - TOWN OF ONALASKA - WARD 7,,1,,,1,1,
,LA CROSSE - TOWN OF ONALASKA - WARD 8,,7,,,7,4,
,LA CROSSE - TOWN OF SHELBY - WARD 1,,2,,,4,1,
,LA CROSSE - TOWN OF SHELBY - WARD 6,,3,,,4,1,
,LA CROSSE - VILLAGE OF HOLMEN - WARD 10,,2,,,2,1,
,LA CROSSE - VILLAGE OF HOLMEN - WARD 11,,5,,,6,1,
,LA CROSSE - VILLAGE OF HOLMEN - WARD 2,,6,,,6,3,
,LA CROSSE - VILLAGE OF HOLMEN - WARD 3,,10,,,9,2,
,LA CROSSE - VILLAGE OF HOLMEN - WARD 4,,4,,,4,,
,LA CROSSE - VILLAGE OF HOLMEN - WARD 5,,2,,,2,2,
,LA CROSSE - VILLAGE OF HOLMEN - WARD 6,,1,,,1,,
,LA CROSSE - VILLAGE OF HOLMEN - WARD 7,,9,,,10,4,
,LA CROSSE - VILLAGE OF HOLMEN - WARD 8,,15,,,13,5,
,LA CROSSE - VILLAGE OF HOLMEN - WARD 9,,7,,,6,2,
,LA CROSSE - VILLAGE OF WEST SALEM - WARD 1,,2,,,1,1,
,LAFAYETTE - TOWN OF NEW DIGGINGS - WARD 1,,,,,1,,
,LINCOLN - CITY OF MERRILL - WARD 17,,1,1,,1,,
,MANITOWOC - CITY OF MANITOWOC - WARD 1,,,,,1,,
,MANITOWOC - CITY OF MANITOWOC - WARD 10,,7,,,9,2,
,MANITOWOC - CITY OF MANITOWOC - WARD 11,,1,,,3,1,
,MANITOWOC - CITY OF MANITOWOC - WARD 13,,5,,1,7,3,
,MANITOWOC - CITY OF MANITOWOC - WARD 14,,5,,,5,2,
,MANITOWOC - CITY OF MANITOWOC - WARD 15,,,,,1,1,
,MANITOWOC - CITY OF MANITOWOC - WARD 16,,,,1,2,1,
,MANITOWOC - CITY OF MANITOWOC - WARD 17,,3,,,5,1,
,MANITOWOC - CITY OF MANITOWOC - WARD 18,,5,,,5,1,
,MANITOWOC - CITY OF MANITOWOC - WARD 19,,8,,,8,5,
,MANITOWOC - CITY OF MANITOWOC - WARD 2,,3,,,4,3,
,MANITOWOC - CITY OF MANITOWOC - WARD 20,,10,1,1,13,9,
,MANITOWOC - CITY OF MANITOWOC - WARD 5,,2,,,3,2,
,MANITOWOC - CITY OF MANITOWOC - WARD 6,,1,,,1,,
,MANITOWOC - CITY OF MANITOWOC - WARD 7,,3,,,2,2,
,MANITOWOC - CITY OF MANITOWOC - WARD 9,,,,,2,,
,MANITOWOC - CITY OF TWO RIVERS - WARD 5,,1,,,1,,
,MANITOWOC - CITY OF TWO RIVERS - WARD 7,,1,,,1,,
,MANITOWOC - CITY OF TWO RIVERS - WARD 8,,2,,,2,2,
,MANITOWOC - TOWN OF KOSSUTH - WARD 2,,,,,1,,
,MANITOWOC - TOWN OF MANITOWOC RAPIDS - WARD 3,,,,1,1,1,
,MANITOWOC - TOWN OF NEWTON - WARD 1,,1,,,1,,
,MARATHON - CITY OF MOSINEE - WARD 1,,1,,,1,,
,MARATHON - CITY OF SCHOFIELD - WARD 2,,,,,1,,
,MARATHON - CITY OF SCHOFIELD - WARD 4,,,,,2,1,
,MARATHON - CITY OF WAUSAU - WARD 1,,4,,,5,1,
,MARATHON - CITY OF WAUSAU - WARD 10,,2,,,2,,
,MARATHON - CITY OF WAUSAU - WARD 12,,9,,,9,3,
,MARATHON - CITY OF WAUSAU - WARD 13,,10,,,13,2,
,MARATHON - CITY OF WAUSAU - WARD 14,,5,,,7,4,
,MARATHON - CITY OF WAUSAU - WARD 15,,2,1,,4,2,
,MARATHON - CITY OF WAUSAU - WARD 16,,2,,,6,1,
,MARATHON - CITY OF WAUSAU - WARD 17,,5,,,9,3,
,MARATHON - CITY OF WAUSAU - WARD 18,,16,,,18,7,
,MARATHON - CITY OF WAUSAU - WARD 19,,4,,,10,4,
,MARATHON - CITY OF WAUSAU - WARD 2,,1,,,1,1,
,MARATHON - CITY OF WAUSAU - WARD 20,,18,,,32,9,
,MARATHON - CITY OF WAUSAU - WARD 21,,12,,,17,1,
,MARATHON - CITY OF WAUSAU - WARD 22,,15,,,17,7,
,MARATHON - CITY OF WAUSAU - WARD 23,,11,,1,21,8,
,MARATHON - CITY OF WAUSAU - WARD 24,,11,,,15,4,
,MARATHON - CITY OF WAUSAU - WARD 25,,10,,,18,7,
,MARATHON - CITY OF WAUSAU - WARD 26,,3,,1,4,1,
,MARATHON - CITY OF WAUSAU - WARD 28,,,,,2,2,
,MARATHON - CITY OF WAUSAU - WARD 3,,3,,,3,,
,MARATHON - CITY OF WAUSAU - WARD 5,,2,,,3,2,
,MARATHON - CITY OF WAUSAU - WARD 6,,2,,,2,,
,MARATHON - CITY OF WAUSAU - WARD 7,,8,1,,13,6,
,MARATHON - CITY OF WAUSAU - WARD 8,,6,,,8,2,
,MARATHON - CITY OF WAUSAU - WARD 9,,1,,,1,,
,MARATHON - TOWN OF HEWITT - WARD 1,,2,,,2,1,
,MARATHON - TOWN OF MCMILLAN - WARD 1,,1,,,1,,
,MARATHON - TOWN OF MCMILLAN - WARD 2,,1,,,1,1,
,MARATHON - TOWN OF MCMILLAN - WARD 3,,1,,,1,,
,MARATHON - TOWN OF NORRIE - WARD 1,,3,,,3,1,
,MARATHON - TOWN OF RIB MOUNTAIN - WARD 1,,2,,,2,1,
,MARATHON - TOWN OF RIB MOUNTAIN - WARD 10,,7,,,5,,
,MARATHON - TOWN OF RIB MOUNTAIN - WARD 2,,1,,,1,,
,MARATHON - TOWN OF RIB MOUNTAIN - WARD 3,,2,,1,3,2,
,MARATHON - TOWN OF RIB MOUNTAIN - WARD 4,,,,,1,,
,MARATHON - TOWN OF RIB MOUNTAIN - WARD 5,,3,,,3,2,
,MARATHON - TOWN OF RIB MOUNTAIN - WARD 6,,3,,,6,3,
,MARATHON - TOWN OF RIB MOUNTAIN - WARD 7,,3,,1,3,2,
,MARATHON - TOWN OF RIB MOUNTAIN - WARD 9,,4,,2,5,1,
,MARATHON - TOWN OF RINGLE - WARD 1,,2,,2,3,,
,MARATHON - TOWN OF STETTIN - WARD 1,,,,,1,1,
,MARATHON - TOWN OF STETTIN - WARD 2,,4,,,4,,
,MARATHON - TOWN OF TEXAS - WARD 1,,2,,,3,,
,MARATHON - TOWN OF TEXAS - WARD 2,,1,,,1,,
,MARATHON - TOWN OF WAUSAU - WARD 2,,3,,,2,,
,MARATHON - TOWN OF WAUSAU - WARD 3,,1,,,1,,
,MARATHON - TOWN OF WESTON - WARD 1,,6,,,6,2,
,MARATHON - VILLAGE OF KRONENWETTER - WARD 4,,1,,,1,,
,MARATHON - VILLAGE OF KRONENWETTER - WARD 5,,4,,,3,,
,MARATHON - VILLAGE OF KRONENWETTER - WARD 7,,3,,,1,1,
,MARATHON - VILLAGE OF KRONENWETTER - WARD 9,,,,,2,,
,MARATHON - VILLAGE OF MAINE - WARD 3,,3,,,3,2,
,MARATHON - VILLAGE OF ROTHSCHILD - WARD 2,,1,,,1,1,
,MARATHON - VILLAGE OF ROTHSCHILD - WARD 3,,2,,,3,1,
,MARATHON - VILLAGE OF ROTHSCHILD - WARD 6,,1,,,1,,
,MARATHON - VILLAGE OF WESTON - WARD 10,,3,,,4,,
,MARATHON - VILLAGE OF WESTON - WARD 11,,1,,,2,1,
,MARATHON - VILLAGE OF WESTON - WARD 12,,2,,,2,,
,MARATHON - VILLAGE OF WESTON - WARD 13,,2,,,2,1,
,MARATHON - VILLAGE OF WESTON - WARD 2,,1,,,1,,
,MARATHON - VILLAGE OF WESTON - WARD 3,,7,,,11,4,
,MARATHON - VILLAGE OF WESTON - WARD 4,,6,,1,7,1,
,MARATHON - VILLAGE OF WESTON - WARD 5,,2,,,4,,
,MARATHON - VILLAGE OF WESTON - WARD 6,,1,,,2,1,
,MARATHON - VILLAGE OF WESTON - WARD 7,,4,,,5,1,
,MARATHON - VILLAGE OF WESTON - WARD 8,,4,,,5,1,
,MARATHON - VILLAGE OF WESTON - WARD 9,,1,,,1,,
,MARINETTE - CITY OF PESHTIGO - WARD 1,,1,,,1,,
,MARINETTE - TOWN OF PEMBINE - WARD 1,,1,,,1,1,
,MARQUETTE - TOWN OF MECAN - WARD 1,,1,1,,1,1,
,MENOMINEE - TOWN OF MENOMINEE - WARD 1,,13,,,26,2,
,MENOMINEE - TOWN OF MENOMINEE - WARD 2,,7,,,28,4,
,MENOMINEE - TOWN OF MENOMINEE - WARD 3,,13,,,34,7,
,MENOMINEE - TOWN OF MENOMINEE - WARD 4,,17,,,30,9,
,MENOMINEE - TOWN OF MENOMINEE - WARD 5,1,73,1,1,94,40,
,MILWAUKEE - CITY OF CUDAHY - WARD 1,,,1,,1,1,
,MILWAUKEE - CITY OF CUDAHY - WARD 5,,,,,2,1,
,MILWAUKEE - CITY OF CUDAHY - WARD 6,,,,,2,1,
,MILWAUKEE - CITY OF CUDAHY - WARD 7,,,,,1,,
,MILWAUKEE - CITY OF CUDAHY - WARD 9,,1,,,1,,
,MILWAUKEE - CITY OF FRANKLIN - WARD 10,,9,1,,9,5,
,MILWAUKEE - CITY OF FRANKLIN - WARD 11,,11,,1,13,4,
,MILWAUKEE - CITY OF FRANKLIN - WARD 12,,6,,,6,3,
,MILWAUKEE - CITY OF FRANKLIN - WARD 13,,10,,,13,7,
,MILWAUKEE - CITY OF FRANKLIN - WARD 14,,5,,,7,3,
,MILWAUKEE - CITY OF FRANKLIN - WARD 15A,,8,,,7,2,
,MILWAUKEE - CITY OF FRANKLIN - WARD 15B,,4,,,3,1,
,MILWAUKEE - CITY OF FRANKLIN - WARD 16,,16,1,1,17,4,
,MILWAUKEE - CITY OF FRANKLIN - WARD 17,,5,,,6,4,
,MILWAUKEE - CITY OF FRANKLIN - WARD 18,,15,,,13,4,
,MILWAUKEE - CITY OF FRANKLIN - WARD 19,,12,,,12,7,
,MILWAUKEE - CITY OF FRANKLIN - WARD 2,,7,,1,9,1,
,MILWAUKEE - CITY OF FRANKLIN - WARD 20,,4,,,5,2,
,MILWAUKEE - CITY OF FRANKLIN - WARD 22A,,2,1,,,1,
,MILWAUKEE - CITY OF FRANKLIN - WARD 22B,,3,,,2,1,
,MILWAUKEE - CITY OF FRANKLIN - WARD 23,,4,,1,5,3,
,MILWAUKEE - CITY OF FRANKLIN - WARD 3,,13,,,13,4,
,MILWAUKEE - CITY OF FRANKLIN - WARD 4,,3,,,3,1,
,MILWAUKEE - CITY OF FRANKLIN - WARD 6,,11,,,15,3,
,MILWAUKEE - CITY OF FRANKLIN - WARD 7,,2,,,3,1,
,MILWAUKEE - CITY OF FRANKLIN - WARD 8,,18,,,20,5,
,MILWAUKEE - CITY OF FRANKLIN - WARD 9,,21,1,3,30,6,
,MILWAUKEE - CITY OF GLENDALE - WARD 1,1,5,,,6,2,
,MILWAUKEE - CITY OF GLENDALE - WARD 10,,6,,,6,6,
,MILWAUKEE - CITY OF GLENDALE - WARD 11,,7,,,11,10,
,MILWAUKEE - CITY OF GLENDALE - WARD 11S,,4,,,2,,
,MILWAUKEE - CITY OF GLENDALE - WARD 12,,2,,,2,1,
,MILWAUKEE - CITY OF GLENDALE - WARD 2,,3,,,3,,
,MILWAUKEE - CITY OF GLENDALE - WARD 3,,9,,,9,7,
,MILWAUKEE - CITY OF GLENDALE - WARD 4,,7,,,6,5,
,MILWAUKEE - CITY OF GLENDALE - WARD 5,,8,,2,8,4,
,MILWAUKEE - CITY OF GLENDALE - WARD 7,,4,,,2,3,
,MILWAUKEE - CITY OF GLENDALE - WARD 8,,3,2,,6,2,
,MILWAUKEE - CITY OF GLENDALE - WARD 9,,2,,1,3,1,
,MILWAUKEE - CITY OF GREENFIELD - WARD 1,,4,,1,4,2,
,MILWAUKEE - CITY OF GREENFIELD - WARD 10,,1,,,1,1,
,MILWAUKEE - CITY OF GREENFIELD - WARD 11,,8,,,10,4,
,MILWAUKEE - CITY OF GREENFIELD - WARD 12,,7,,,7,3,
,MILWAUKEE - CITY OF GREENFIELD - WARD 13,,2,,,2,1,
,MILWAUKEE - CITY OF GREENFIELD - WARD 14,,1,,,1,1,
,MILWAUKEE - CITY OF GREENFIELD - WARD 15,,3,,,3,1,
,MILWAUKEE - CITY OF GREENFIELD - WARD 16,,3,,,4,3,
,MILWAUKEE - CITY OF GREENFIELD - WARD 17,,10,,1,12,3,
,MILWAUKEE - CITY OF GREENFIELD - WARD 18,,11,,,12,4,
,MILWAUKEE - CITY OF GREENFIELD - WARD 19,,6,,,7,4,
,MILWAUKEE - CITY OF GREENFIELD - WARD 2,,3,,,3,1,
,MILWAUKEE - CITY OF GREENFIELD - WARD 20,,18,,1,21,8,
,MILWAUKEE - CITY OF GREENFIELD - WARD 21,,14,,,16,2,
,MILWAUKEE - CITY OF GREENFIELD - WARD 3,,3,1,,5,2,
,MILWAUKEE - CITY OF GREENFIELD - WARD 4,,5,,,6,2,
,MILWAUKEE - CITY OF GREENFIELD - WARD 5,,6,,,8,4,
,MILWAUKEE - CITY OF GREENFIELD - WARD 6,,7,,,7,,
,MILWAUKEE - CITY OF GREENFIELD - WARD 7,,4,,,6,,
,MILWAUKEE - CITY OF GREENFIELD - WARD 8,,9,,,7,3,
,MILWAUKEE - CITY OF GREENFIELD - WARD 9,,4,,,5,,
,MILWAUKEE - CITY OF MILWAUKEE - WARD 1,,5,1,,8,3,
,MILWAUKEE - CITY OF MILWAUKEE - WARD 10,,10,,,13,8,
,MILWAUKEE - CITY OF MILWAUKEE - WARD 100,,1,,,1,,
,MILWAUKEE - CITY OF MILWAUKEE - WARD 11,,4,,,5,1,
,MILWAUKEE - CITY OF MILWAUKEE - WARD 113,,1,,,1,1,
,MILWAUKEE - CITY OF MILWAUKEE - WARD 12,,8,,,10,2,
,MILWAUKEE - CITY OF MILWAUKEE - WARD 122,,1,,,1,1,
,MILWAUKEE - CITY OF MILWAUKEE - WARD 124,,1,,,1,,
,MILWAUKEE - CITY OF MILWAUKEE - WARD 125,,,,,1,,
,MILWAUKEE - CITY OF MILWAUKEE - WARD 126,,1,1,,2,,
,MILWAUKEE - CITY OF MILWAUKEE - WARD 128,,5,,2,6,1,
,MILWAUKEE - CITY OF MILWAUKEE - WARD 129,,1,,,2,,
,MILWAUKEE - CITY OF MILWAUKEE - WARD 13,,2,,,2,,
,MILWAUKEE - CITY OF MILWAUKEE - WARD 131,,,,,2,,
,MILWAUKEE - CITY OF MILWAUKEE - WARD 132,,6,,,6,2,
,MILWAUKEE - CITY OF MILWAUKEE - WARD 133,,3,,,4,,
,MILWAUKEE - CITY OF MILWAUKEE - WARD 134,,7,,,5,2,
,MILWAUKEE - CITY OF MILWAUKEE - WARD 135,,9,,2,13,2,
,MILWAUKEE - CITY OF MILWAUKEE - WARD 136,,1,,,1,,
,MILWAUKEE - CITY OF MILWAUKEE - WARD 137,,,,,1,,
,MILWAUKEE - CITY OF MILWAUKEE - WARD 138,,3,,,3,,
,MILWAUKEE - CITY OF MILWAUKEE - WARD 139,,2,,,2,,
,MILWAUKEE - CITY OF MILWAUKEE - WARD 140,,1,,,1,1,
,MILWAUKEE - CITY OF MILWAUKEE - WARD 15,,13,1,,13,4,
,MILWAUKEE - CITY OF MILWAUKEE - WARD 150,,6,,,6,2,
,MILWAUKEE - CITY OF MILWAUKEE - WARD 153,,1,,,2,1,
,MILWAUKEE - CITY OF MILWAUKEE - WARD 155,,1,,,1,,
,MILWAUKEE - CITY OF MILWAUKEE - WARD 159,,1,,,3,,
,MILWAUKEE - CITY OF MILWAUKEE - WARD 16,,5,,,6,,
,MILWAUKEE - CITY OF MILWAUKEE - WARD 160,,1,,,1,,
,MILWAUKEE - CITY OF MILWAUKEE - WARD 164,,3,,,3,1,
,MILWAUKEE - CITY OF MILWAUKEE - WARD 165,,1,,,,,
,MILWAUKEE - CITY OF MILWAUKEE - WARD 166,,2,,,2,,
,MILWAUKEE - CITY OF MILWAUKEE - WARD 167,,1,1,1,1,1,
,MILWAUKEE - CITY OF MILWAUKEE - WARD 168,,2,,,2,1,
,MILWAUKEE - CITY OF MILWAUKEE - WARD 169,,,,,4,2,
,MILWAUKEE - CITY OF MILWAUKEE - WARD 17,,6,,,7,3,
,MILWAUKEE - CITY OF MILWAUKEE - WARD 170,,12,,,13,4,
,MILWAUKEE - CITY OF MILWAUKEE - WARD 171,,4,2,,4,,
,MILWAUKEE - CITY OF MILWAUKEE - WARD 172,,9,1,1,8,4,
,MILWAUKEE - CITY OF MILWAUKEE - WARD 173,,,,,1,,
,MILWAUKEE - CITY OF MILWAUKEE - WARD 174,1,11,,,15,5,
,MILWAUKEE - CITY OF MILWAUKEE - WARD 175,1,1,,,2,1,
,MILWAUKEE - CITY OF MILWAUKEE - WARD 177,,6,,,6,1,
,MILWAUKEE - CITY OF MILWAUKEE - WARD 178,,1,,,2,,
,MILWAUKEE - CITY OF MILWAUKEE - WARD 179,,8,,1,9,2,
,MILWAUKEE - CITY OF MILWAUKEE - WARD 18,,4,,,4,,
,MILWAUKEE - CITY OF MILWAUKEE - WARD 180,,9,1,5,11,5,
,MILWAUKEE - CITY OF MILWAUKEE - WARD 181,,15,1,1,17,6,
,MILWAUKEE - CITY OF MILWAUKEE - WARD 182,,10,1,1,11,3,
,MILWAUKEE - CITY OF MILWAUKEE - WARD 183,,12,,,10,4,
,MILWAUKEE - CITY OF MILWAUKEE - WARD 184,,4,1,,7,2,
,MILWAUKEE - CITY OF MILWAUKEE - WARD 185,,14,3,8,18,7,
,MILWAUKEE - CITY OF MILWAUKEE - WARD 186,,11,1,1,14,2,
,MILWAUKEE - CITY OF MILWAUKEE - WARD 187,,1,,1,,1,
,MILWAUKEE - CITY OF MILWAUKEE - WARD 188,,1,,,1,,
,MILWAUKEE - CITY OF MILWAUKEE - WARD 189,,2,,,3,,
,MILWAUKEE - CITY OF MILWAUKEE - WARD 19,,3,,,3,1,
,MILWAUKEE - CITY OF MILWAUKEE - WARD 190,,1,,,1,,
,MILWAUKEE - CITY OF MILWAUKEE - WARD 191,,2,,1,2,,
,MILWAUKEE - CITY OF MILWAUKEE - WARD 192,,3,,,3,,
,MILWAUKEE - CITY OF MILWAUKEE - WARD 193,,6,,,9,1,
,MILWAUKEE - CITY OF MILWAUKEE - WARD 194,,1,,,1,1,
,MILWAUKEE - CITY OF MILWAUKEE - WARD 195,,1,,,1,,
,MILWAUKEE - CITY OF MILWAUKEE - WARD 197,,2,,,1,,
,MILWAUKEE - CITY OF MILWAUKEE - WARD 199,,1,,,1,1,
,MILWAUKEE - CITY OF MILWAUKEE - WARD 20,,1,,,1,1,
,MILWAUKEE - CITY OF MILWAUKEE - WARD 200,,,,,1,,
,MILWAUKEE - CITY OF MILWAUKEE - WARD 201,,2,,,2,,
,MILWAUKEE - CITY OF MILWAUKEE - WARD 202,,4,,,5,3,
,MILWAUKEE - CITY OF MILWAUKEE - WARD 203,,5,1,,5,,
,MILWAUKEE - CITY OF MILWAUKEE - WARD 204,,5,1,1,6,1,
,MILWAUKEE - CITY OF MILWAUKEE - WARD 205,,1,,,1,1,
,MILWAUKEE - CITY OF MILWAUKEE - WARD 206,,1,,,1,,
,MILWAUKEE - CITY OF MILWAUKEE - WARD 207,,1,,1,2,1,
,MILWAUKEE - CITY OF MILWAUKEE - WARD 209,,2,,,2,1,
,MILWAUKEE - CITY OF MILWAUKEE - WARD 210,,2,,1,2,,
,MILWAUKEE - CITY OF MILWAUKEE - WARD 211,,1,,,2,,
,MILWAUKEE - CITY OF MILWAUKEE - WARD 214,,,,,2,,
,MILWAUKEE - CITY OF MILWAUKEE - WARD 215,,3,,,2,1,
,MILWAUKEE - CITY OF MILWAUKEE - WARD 216,,3,,,4,1,
,MILWAUKEE - CITY OF MILWAUKEE - WARD 217,,1,,,1,,
,MILWAUKEE - CITY OF MILWAUKEE - WARD 218,,1,,,4,2,
,MILWAUKEE - CITY OF MILWAUKEE - WARD 219,,3,,,3,1,
,MILWAUKEE - CITY OF MILWAUKEE - WARD 220,,4,,,3,2,
,MILWAUKEE - CITY OF MILWAUKEE - WARD 222,,1,,,1,,
,MILWAUKEE - CITY OF MILWAUKEE - WARD 223,,2,,,2,,
,MILWAUKEE - CITY OF MILWAUKEE - WARD 224,,1,1,,1,1,
,MILWAUKEE - CITY OF MILWAUKEE - WARD 225,,1,,,1,,
,MILWAUKEE - CITY OF MILWAUKEE - WARD 227,,4,,,4,,
,MILWAUKEE - CITY OF MILWAUKEE - WARD 229,,,,,1,,
,MILWAUKEE - CITY OF MILWAUKEE - WARD 23,,2,,,4,2,
,MILWAUKEE - CITY OF MILWAUKEE - WARD 231,,1,,,1,,
,MILWAUKEE - CITY OF MILWAUKEE - WARD 235,,1,,,1,,
,MILWAUKEE - CITY OF MILWAUKEE - WARD 238,,2,,,2,,
,MILWAUKEE - CITY OF MILWAUKEE - WARD 24,,5,,1,6,,
,MILWAUKEE - CITY OF MILWAUKEE - WARD 240,,2,,,2,1,
,MILWAUKEE - CITY OF MILWAUKEE - WARD 241,,9,1,,8,2,
,MILWAUKEE - CITY OF MILWAUKEE - WARD 242,,1,,,1,,
,MILWAUKEE - CITY OF MILWAUKEE - WARD 244,,4,,,5,,
,MILWAUKEE - CITY OF MILWAUKEE - WARD 245,,6,,,6,3,
,MILWAUKEE - CITY OF MILWAUKEE - WARD 247,,1,,1,1,1,
,MILWAUKEE - CITY OF MILWAUKEE - WARD 248,,9,,,9,4,
,MILWAUKEE - CITY OF MILWAUKEE - WARD 25,,6,1,1,6,1,
,MILWAUKEE - CITY OF MILWAUKEE - WARD 254,,2,,,2,2,
,MILWAUKEE - CITY OF MILWAUKEE - WARD 256,,1,,,1,,
,MILWAUKEE - CITY OF MILWAUKEE - WARD 258,,1,,,1,,
,MILWAUKEE - CITY OF MILWAUKEE - WARD 259,,,,,1,,
,MILWAUKEE - CITY OF MILWAUKEE - WARD 26,,4,,,5,,
,MILWAUKEE - CITY OF MILWAUKEE - WARD 260,,1,,,1,,
,MILWAUKEE - CITY OF MILWAUKEE - WARD 262,,1,,,1,,
,MILWAUKEE - CITY OF MILWAUKEE - WARD 264,,2,,,1,,
,MILWAUKEE - CITY OF MILWAUKEE - WARD 266,1,,,,1,1,
,MILWAUKEE - CITY OF MILWAUKEE - WARD 268,,3,,,3,1,
,MILWAUKEE - CITY OF MILWAUKEE - WARD 27,,8,,,10,2,
,MILWAUKEE - CITY OF MILWAUKEE - WARD 272,,4,,,4,3,
,MILWAUKEE - CITY OF MILWAUKEE - WARD 273,,3,,,4,1,
,MILWAUKEE - CITY OF MILWAUKEE - WARD 274,,1,,,1,1,
,MILWAUKEE - CITY OF MILWAUKEE - WARD 275,,2,,,2,1,
,MILWAUKEE - CITY OF MILWAUKEE - WARD 276,,6,,,10,5,
,MILWAUKEE - CITY OF MILWAUKEE - WARD 277,,5,,,7,,
,MILWAUKEE - CITY OF MILWAUKEE - WARD 278,,1,,,1,,
,MILWAUKEE - CITY OF MILWAUKEE - WARD 279,,,,,1,,
,MILWAUKEE - CITY OF MILWAUKEE - WARD 28,,1,,,3,1,
,MILWAUKEE - CITY OF MILWAUKEE - WARD 280,,3,,,3,1,
,MILWAUKEE - CITY OF MILWAUKEE - WARD 281,,2,,1,2,1,
,MILWAUKEE - CITY OF MILWAUKEE - WARD 282,,1,,,2,,
,MILWAUKEE - CITY OF MILWAUKEE - WARD 283,,1,,,1,,
,MILWAUKEE - CITY OF MILWAUKEE - WARD 284,,3,,,3,,
,MILWAUKEE - CITY OF MILWAUKEE - WARD 288,,2,,,2,1,
,MILWAUKEE - CITY OF MILWAUKEE - WARD 29,,4,,,5,1,
,MILWAUKEE - CITY OF MILWAUKEE - WARD 293,,,,,1,,
,MILWAUKEE - CITY OF MILWAUKEE - WARD 296,,1,,,1,1,
,MILWAUKEE - CITY OF MILWAUKEE - WARD 299,,1,,,1,,
,MILWAUKEE - CITY OF MILWAUKEE - WARD 3,,5,,,6,2,
,MILWAUKEE - CITY OF MILWAUKEE - WARD 30,,6,,,6,3,
,MILWAUKEE - CITY OF MILWAUKEE - WARD 300,,5,1,,5,3,
,MILWAUKEE - CITY OF MILWAUKEE - WARD 301,,1,,,1,,
,MILWAUKEE - CITY OF MILWAUKEE - WARD 302,,1,,,1,,
,MILWAUKEE - CITY OF MILWAUKEE - WARD 304,,1,,,2,,
,MILWAUKEE - CITY OF MILWAUKEE - WARD 305,,1,,,1,,
,MILWAUKEE - CITY OF MILWAUKEE - WARD 306,,1,,,2,,
,MILWAUKEE - CITY OF MILWAUKEE - WARD 307,,7,,,7,2,
,MILWAUKEE - CITY OF MILWAUKEE - WARD 308,,1,1,,5,3,
,MILWAUKEE - CITY OF MILWAUKEE - WARD 309,,10,,,10,4,
,MILWAUKEE - CITY OF MILWAUKEE - WARD 31,,4,,,4,1,
,MILWAUKEE - CITY OF MILWAUKEE - WARD 310,,1,,,1,,
,MILWAUKEE - CITY OF MILWAUKEE - WARD 311,,3,,,3,3,
,MILWAUKEE - CITY OF MILWAUKEE - WARD 312,,6,,,7,3,
,MILWAUKEE - CITY OF MILWAUKEE - WARD 313,,13,,,13,,
,MILWAUKEE - CITY OF MILWAUKEE - WARD 315,,1,,,2,,
,MILWAUKEE - CITY OF MILWAUKEE - WARD 316,,1,,,1,1,
,MILWAUKEE - CITY OF MILWAUKEE - WARD 32,,21,,,20,8,
,MILWAUKEE - CITY OF MILWAUKEE - WARD 323,,4,,,1,,
,MILWAUKEE - CITY OF MILWAUKEE - WARD 325,,1,,,1,1,
,MILWAUKEE - CITY OF MILWAUKEE - WARD 33,,9,,,12,4,
,MILWAUKEE - CITY OF MILWAUKEE - WARD 34,,4,,,4,2,
,MILWAUKEE - CITY OF MILWAUKEE - WARD 35,,11,,,12,4,
,MILWAUKEE - CITY OF MILWAUKEE - WARD 36,,2,,,2,1,
,MILWAUKEE - CITY OF MILWAUKEE - WARD 37,,4,,,4,2,
,MILWAUKEE - CITY OF MILWAUKEE - WARD 39,,13,,,14,4,
,MILWAUKEE - CITY OF MILWAUKEE - WARD 4,,1,,1,1,1,
,MILWAUKEE - CITY OF MILWAUKEE - WARD 40,,2,,,1,,
,MILWAUKEE - CITY OF MILWAUKEE - WARD 42,,3,,,2,1,
,MILWAUKEE - CITY OF MILWAUKEE - WARD 44,,3,,,4,1,
,MILWAUKEE - CITY OF MILWAUKEE - WARD 45,,1,,,2,1,
,MILWAUKEE - CITY OF MILWAUKEE - WARD 46,,2,,,2,,
,MILWAUKEE - CITY OF MILWAUKEE - WARD 47,,3,,,5,,
,MILWAUKEE - CITY OF MILWAUKEE - WARD 5,,1,,,1,,
,MILWAUKEE - CITY OF MILWAUKEE - WARD 53,,3,,,3,1,
,MILWAUKEE - CITY OF MILWAUKEE - WARD 55,,2,,,2,,
,MILWAUKEE - CITY OF MILWAUKEE - WARD 6,,15,,,21,5,
,MILWAUKEE - CITY OF MILWAUKEE - WARD 66,,1,,,1,1,
,MILWAUKEE - CITY OF MILWAUKEE - WARD 68,,2,,1,2,1,
,MILWAUKEE - CITY OF MILWAUKEE - WARD 7,,2,,,2,1,
,MILWAUKEE - CITY OF MILWAUKEE - WARD 71,,4,,,5,1,
,MILWAUKEE - CITY OF MILWAUKEE - WARD 72,,15,,,13,2,
,MILWAUKEE - CITY OF MILWAUKEE - WARD 73,,7,,,13,4,
,MILWAUKEE - CITY OF MILWAUKEE - WARD 74,,4,,,4,,
,MILWAUKEE - CITY OF MILWAUKEE - WARD 75,,2,,,3,2,
,MILWAUKEE - CITY OF MILWAUKEE - WARD 76,,4,,,4,2,
,MILWAUKEE - CITY OF MILWAUKEE - WARD 77,,1,,,2,,
,MILWAUKEE - CITY OF MILWAUKEE - WARD 78,,7,,,9,1,
,MILWAUKEE - CITY OF MILWAUKEE - WARD 79,,2,,,2,1,
,MILWAUKEE - CITY OF MILWAUKEE - WARD 8,,15,,,16,5,
,MILWAUKEE - CITY OF MILWAUKEE - WARD 80,,7,,,6,,
,MILWAUKEE - CITY OF MILWAUKEE - WARD 82,,1,,,1,,
,MILWAUKEE - CITY OF MILWAUKEE - WARD 83,,3,,,3,,
,MILWAUKEE - CITY OF MILWAUKEE - WARD 84,,1,,,1,,
,MILWAUKEE - CITY OF MILWAUKEE - WARD 85,,3,,,3,1,
,MILWAUKEE - CITY OF MILWAUKEE - WARD 89,,3,,,3,1,
,MILWAUKEE - CITY OF MILWAUKEE - WARD 9,,11,,1,12,3,
,MILWAUKEE - CITY OF MILWAUKEE - WARD 91,,2,,,2,1,
,MILWAUKEE - CITY OF MILWAUKEE - WARD 92,,1,,,1,1,
,MILWAUKEE - CITY OF MILWAUKEE - WARD 95,,1,1,,1,,
,MILWAUKEE - CITY OF MILWAUKEE - WARD 98,,1,,,1,,
,MILWAUKEE - CITY OF OAK CREEK - WARD 1,,2,,,2,,
,MILWAUKEE - CITY OF OAK CREEK - WARD 10,,6,,,7,2,
,MILWAUKEE - CITY OF OAK CREEK - WARD 11,,1,,,5,1,
,MILWAUKEE - CITY OF OAK CREEK - WARD 12,,6,,,6,2,
,MILWAUKEE - CITY OF OAK CREEK - WARD 13,,4,,3,6,4,
,MILWAUKEE - CITY OF OAK CREEK - WARD 15,,8,,,8,6,
,MILWAUKEE - CITY OF OAK CREEK - WARD 16,1,2,,1,2,1,
,MILWAUKEE - CITY OF OAK CREEK - WARD 17,,1,,,,,
,MILWAUKEE - CITY OF OAK CREEK - WARD 18,,6,,1,6,1,
,MILWAUKEE - CITY OF OAK CREEK - WARD 19,,15,,,14,7,
,MILWAUKEE - CITY OF OAK CREEK - WARD 2,,2,,,2,,
,MILWAUKEE - CITY OF OAK CREEK - WARD 3,,6,,1,6,2,
,MILWAUKEE - CITY OF OAK CREEK - WARD 4,,12,,1,16,9,
,MILWAUKEE - CITY OF OAK CREEK - WARD 5,,3,,,4,1,
,MILWAUKEE - CITY OF OAK CREEK - WARD 6,,5,2,,5,3,
,MILWAUKEE - CITY OF OAK CREEK - WARD 7,,10,,,7,2,
,MILWAUKEE - CITY OF OAK CREEK - WARD 8,,16,,,17,9,
,MILWAUKEE - CITY OF OAK CREEK - WARD 9,,4,,1,4,3,
,MILWAUKEE - CITY OF SOUTH MILWAUKEE - WARD 10,,1,,,1,,
,MILWAUKEE - CITY OF SOUTH MILWAUKEE - WARD 11,,1,,,,,
,MILWAUKEE - CITY OF SOUTH MILWAUKEE - WARD 16,,1,,,1,,
,MILWAUKEE - CITY OF SOUTH MILWAUKEE - WARD 8,,1,,,1,1,
,MILWAUKEE - CITY OF ST. FRANCIS - WARD 1,,2,,,2,1,
,MILWAUKEE - CITY OF ST. FRANCIS - WARD 10,,1,,1,2,1,
,MILWAUKEE - CITY OF ST. FRANCIS - WARD 11,,3,1,,3,,
,MILWAUKEE - CITY OF ST. FRANCIS - WARD 3,,,,,1,,
,MILWAUKEE - CITY OF ST. FRANCIS - WARD 4,,1,,,1,,
,MILWAUKEE - CITY OF ST. FRANCIS - WARD 5,,3,,,3,,
,MILWAUKEE - CITY OF ST. FRANCIS - WARD 6,,,,,1,,
,MILWAUKEE - CITY OF ST. FRANCIS - WARD 9,,1,,,,,
,MILWAUKEE - CITY OF WAUWATOSA - WARD 1,,1,,,1,1,
,MILWAUKEE - CITY OF WAUWATOSA - WARD 10,,13,,1,12,4,
,MILWAUKEE - CITY OF WAUWATOSA - WARD 11,,5,2,,5,4,
,MILWAUKEE - CITY OF WAUWATOSA - WARD 12,,5,1,,5,2,
,MILWAUKEE - CITY OF WAUWATOSA - WARD 13,,2,1,,2,2,
,MILWAUKEE - CITY OF WAUWATOSA - WARD 14,,,,,1,1,
,MILWAUKEE - CITY OF WAUWATOSA - WARD 17,,1,,,1,1,
,MILWAUKEE - CITY OF WAUWATOSA - WARD 18,,2,,1,3,2,
,MILWAUKEE - CITY OF WAUWATOSA - WARD 19,,4,,,5,1,
,MILWAUKEE - CITY OF WAUWATOSA - WARD 2,,3,,,3,2,
,MILWAUKEE - CITY OF WAUWATOSA - WARD 20,,4,,1,3,1,
,MILWAUKEE - CITY OF WAUWATOSA - WARD 21,,1,,,1,1,
,MILWAUKEE - CITY OF WAUWATOSA - WARD 22,,11,1,,11,9,
,MILWAUKEE - CITY OF WAUWATOSA - WARD 23,,10,,,14,4,
,MILWAUKEE - CITY OF WAUWATOSA - WARD 24,,4,,,6,3,
,MILWAUKEE - CITY OF WAUWATOSA - WARD 3,,5,,1,8,3,
,MILWAUKEE - CITY OF WAUWATOSA - WARD 4,,4,,,2,2,
,MILWAUKEE - CITY OF WAUWATOSA - WARD 5,,14,1,3,13,7,
,MILWAUKEE - CITY OF WAUWATOSA - WARD 6,,13,3,1,8,2,
,MILWAUKEE - CITY OF WAUWATOSA - WARD 7,,17,,3,17,6,
,MILWAUKEE - CITY OF WAUWATOSA - WARD 8,,1,,,,,
,MILWAUKEE - CITY OF WAUWATOSA - WARD 9,,4,1,,5,2,
,MILWAUKEE - CITY OF WEST ALLIS - WARD 1,,1,,,2,1,
,MILWAUKEE - CITY OF WEST ALLIS - WARD 10,,,1,,1,1,
,MILWAUKEE - CITY OF WEST ALLIS - WARD 11,,2,,,2,1,
,MILWAUKEE - CITY OF WEST ALLIS - WARD 12,,1,,,1,,
,MILWAUKEE - CITY OF WEST ALLIS - WARD 14,,3,,,3,1,
,MILWAUKEE - CITY OF WEST ALLIS - WARD 15,,3,,,3,,
,MILWAUKEE - CITY OF WEST ALLIS - WARD 17,,1,,,1,,
,MILWAUKEE - CITY OF WEST ALLIS - WARD 18,,1,,,1,,
,MILWAUKEE - CITY OF WEST ALLIS - WARD 2,,2,1,,2,,
,MILWAUKEE - CITY OF WEST ALLIS - WARD 20,,,,,1,,
,MILWAUKEE - CITY OF WEST ALLIS - WARD 21,,1,,,,,
,MILWAUKEE - CITY OF WEST ALLIS - WARD 22,,5,1,,5,,
,MILWAUKEE - CITY OF WEST ALLIS - WARD 24,,1,,,2,2,
,MILWAUKEE - CITY OF WEST ALLIS - WARD 25,,2,1,,2,,
,MILWAUKEE - CITY OF WEST ALLIS - WARD 4,,2,,,3,,
,MILWAUKEE - CITY OF WEST ALLIS - WARD 5,,2,,,2,,
,MILWAUKEE - CITY OF WEST ALLIS - WARD 6,,3,,1,3,2,
,MILWAUKEE - CITY OF WEST ALLIS - WARD 8,,2,,,2,,
,MILWAUKEE - CITY OF WEST ALLIS - WARD 9,,3,,,3,,
,MILWAUKEE - VILLAGE OF BAYSIDE - WARD 1,,1,,,2,1,
,MILWAUKEE - VILLAGE OF BAYSIDE - WARD 2,,3,2,,3,2,
,MILWAUKEE - VILLAGE OF BAYSIDE - WARD 4,,2,,2,3,1,
,MILWAUKEE - VILLAGE OF BAYSIDE - WARD 5,,7,,2,6,6,
,MILWAUKEE - VILLAGE OF BROWN DEER - WARD 1,,4,,,3,,
,MILWAUKEE - VILLAGE OF BROWN DEER - WARD 2,,13,,,16,12,
,MILWAUKEE - VILLAGE OF BROWN DEER - WARD 3,,8,,,9,2,
,MILWAUKEE - VILLAGE OF BROWN DEER - WARD 4,,3,,,5,,
,MILWAUKEE - VILLAGE OF BROWN DEER - WARD 5,,10,,,9,4,
,MILWAUKEE - VILLAGE OF BROWN DEER - WARD 6,,14,,,12,8,
,MILWAUKEE - VILLAGE OF FOX POINT - WARD 1,,8,,,8,5,
,MILWAUKEE - VILLAGE OF FOX POINT - WARD 3,,,1,,1,1,
,MILWAUKEE - VILLAGE OF FOX POINT - WARD 4,,4,,1,3,2,
,MILWAUKEE - VILLAGE OF FOX POINT - WARD 5,,2,1,,3,1,
,MILWAUKEE - VILLAGE OF FOX POINT - WARD 6,,2,,,2,,
,MILWAUKEE - VILLAGE OF FOX POINT - WARD 7,,1,,,1,,
,MILWAUKEE - VILLAGE OF FOX POINT - WARD 8,,5,,,6,1,
,MILWAUKEE - VILLAGE OF FOX POINT - WARD 9,,1,,,1,,
,MILWAUKEE - VILLAGE OF GREENDALE - WARD 1,,4,,,3,1,
,MILWAUKEE - VILLAGE OF GREENDALE - WARD 10,,,,,3,,
,MILWAUKEE - VILLAGE OF GREENDALE - WARD 2,,8,,,11,2,
,MILWAUKEE - VILLAGE OF GREENDALE - WARD 3,,7,1,1,8,3,
,MILWAUKEE - VILLAGE OF GREENDALE - WARD 4,,5,,,9,4,
,MILWAUKEE - VILLAGE OF GREENDALE - WARD 5,,2,,,2,1,
,MILWAUKEE - VILLAGE OF GREENDALE - WARD 6,,6,,,7,3,
,MILWAUKEE - VILLAGE OF GREENDALE - WARD 7,,2,,,2,1,
,MILWAUKEE - VILLAGE OF GREENDALE - WARD 8,,1,,1,1,1,
,MILWAUKEE - VILLAGE OF GREENDALE - WARD 9,,2,,,7,,
,MILWAUKEE - VILLAGE OF HALES CORNERS - WARD 1,,1,,,1,,
,MILWAUKEE - VILLAGE OF HALES CORNERS - WARD 4,,2,,,2,2,
,MILWAUKEE - VILLAGE OF HALES CORNERS - WARD 5,,,,,1,,
,MILWAUKEE - VILLAGE OF HALES CORNERS - WARD 6,,1,,,1,,
,MILWAUKEE - VILLAGE OF HALES CORNERS - WARD 8,,2,,,2,1,
,MILWAUKEE - VILLAGE OF HALES CORNERS - WARD 9,,5,,,4,,
,MILWAUKEE - VILLAGE OF RIVER HILLS - WARD 2,,5,,2,5,4,
,MILWAUKEE - VILLAGE OF RIVER HILLS - WARD 3,,3,,,4,1,
,MILWAUKEE - VILLAGE OF SHOREWOOD - WARD 1,,2,,,1,1,
,MILWAUKEE - VILLAGE OF SHOREWOOD - WARD 10,,9,,,11,3,
,MILWAUKEE - VILLAGE OF SHOREWOOD - WARD 11,,2,,,6,3,
,MILWAUKEE - VILLAGE OF SHOREWOOD - WARD 12,,7,1,,6,3,
,MILWAUKEE - VILLAGE OF SHOREWOOD - WARD 2,,5,1,,6,3,
,MILWAUKEE - VILLAGE OF SHOREWOOD - WARD 3,,3,,,4,2,
,MILWAUKEE - VILLAGE OF SHOREWOOD - WARD 4,,1,,,2,1,
,MILWAUKEE - VILLAGE OF SHOREWOOD - WARD 5,,2,,,2,,
,MILWAUKEE - VILLAGE OF SHOREWOOD - WARD 6,,2,,,2,2,
,MILWAUKEE - VILLAGE OF SHOREWOOD - WARD 7,,3,,,3,1,
,MILWAUKEE - VILLAGE OF SHOREWOOD - WARD 8,,4,,,1,1,
,MILWAUKEE - VILLAGE OF SHOREWOOD - WARD 9,,4,,,4,2,
,MILWAUKEE - VILLAGE OF WEST MILWAUKEE - WARD 2,,1,,,2,1,
,MILWAUKEE - VILLAGE OF WEST MILWAUKEE - WARD 3,,7,,1,5,2,
,MILWAUKEE - VILLAGE OF WEST MILWAUKEE - WARD 5,,1,,,1,1,
,MILWAUKEE - VILLAGE OF WEST MILWAUKEE - WARD 6,1,1,,,1,,
,MILWAUKEE - VILLAGE OF WHITEFISH BAY - WARD 10,,1,1,,1,,
,MILWAUKEE - VILLAGE OF WHITEFISH BAY - WARD 12,,4,,,3,2,
,MILWAUKEE - VILLAGE OF WHITEFISH BAY - WARD 2,,2,,,2,2,
,MILWAUKEE - VILLAGE OF WHITEFISH BAY - WARD 3,,5,,,5,1,
,MILWAUKEE - VILLAGE OF WHITEFISH BAY - WARD 5,,2,,,2,,
,MILWAUKEE - VILLAGE OF WHITEFISH BAY - WARD 6,,2,,,2,,
,MILWAUKEE - VILLAGE OF WHITEFISH BAY - WARD 7,,2,,,2,,
,MILWAUKEE - VILLAGE OF WHITEFISH BAY - WARD 8,,1,1,,1,1,
,MILWAUKEE - VILLAGE OF WHITEFISH BAY - WARD 9,,,,,1,,
,MONROE - CITY OF SPARTA - WARD 12,,1,,,1,,
,MONROE - CITY OF TOMAH - WARD 1,,,,,,2,
,MONROE - CITY OF TOMAH - WARD 3,,1,,1,2,2,
,MONROE - TOWN OF BYRON - WARD 1,,,,1,1,,
,MONROE - TOWN OF LITTLE FALLS - WARD 1,,1,,,1,,
,OCONTO - TOWN OF LITTLE RIVER - WARD 2,,,,,1,,
,OCONTO - TOWN OF LITTLE SUAMICO - WARD 6,,,,1,1,,
,OCONTO - VILLAGE OF SURING - WARD 1,,,,,1,,
,ONEIDA - TOWN OF MINOCQUA - WARD 1,,1,,,1,,
,ONEIDA - TOWN OF MINOCQUA - WARD 3,,1,,,1,1,
,ONEIDA - TOWN OF WOODRUFF - WARD 2,,1,,,1,1,
,OUTAGAMIE - CITY OF APPLETON - WARD 1,,3,1,,3,3,
,OUTAGAMIE - CITY OF APPLETON - WARD 10,,,,1,1,1,
,OUTAGAMIE - CITY OF APPLETON - WARD 11,,6,,,7,2,
,OUTAGAMIE - CITY OF APPLETON - WARD 15,,1,,,1,,
,OUTAGAMIE - CITY OF APPLETON - WARD 16,,3,,,4,1,
,OUTAGAMIE - CITY OF APPLETON - WARD 17,,,,,2,,
,OUTAGAMIE - CITY OF APPLETON - WARD 18,,5,1,,7,1,
,OUTAGAMIE - CITY OF APPLETON - WARD 19,,1,,,1,1,
,OUTAGAMIE - CITY OF APPLETON - WARD 2,,1,,,2,1,
,OUTAGAMIE - CITY OF APPLETON - WARD 20,,,,,1,,
,OUTAGAMIE - CITY OF APPLETON - WARD 24,,1,,,2,2,
,OUTAGAMIE - CITY OF APPLETON - WARD 25,,3,,,5,2,
,OUTAGAMIE - CITY OF APPLETON - WARD 27,,4,,,7,3,
,OUTAGAMIE - CITY OF APPLETON - WARD 28,,3,,,5,2,
,OUTAGAMIE - CITY OF APPLETON - WARD 29,,1,,,5,2,
,OUTAGAMIE - CITY OF APPLETON - WARD 3,,9,,,12,8,
,OUTAGAMIE - CITY OF APPLETON - WARD 30,,1,1,,5,2,
,OUTAGAMIE - CITY OF APPLETON - WARD 33,,5,,,4,3,
,OUTAGAMIE - CITY OF APPLETON - WARD 34,,1,,,,,
,OUTAGAMIE - CITY OF APPLETON - WARD 35,,4,,,5,2,
,OUTAGAMIE - CITY OF APPLETON - WARD 36,,6,,,8,3,
,OUTAGAMIE - CITY OF APPLETON - WARD 37,,1,,,2,1,
,OUTAGAMIE - CITY OF APPLETON - WARD 38,,2,,,2,1,
,OUTAGAMIE - CITY OF APPLETON - WARD 39,,4,,,4,3,
,OUTAGAMIE - CITY OF APPLETON - WARD 4,,3,,,3,1,
,OUTAGAMIE - CITY OF APPLETON - WARD 41,,3,,,2,,
,OUTAGAMIE - CITY OF APPLETON - WARD 42,,7,,1,8,6,
,OUTAGAMIE - CITY OF APPLETON - WARD 43,,1,,,1,,
,OUTAGAMIE - CITY OF APPLETON - WARD 48,,3,,1,3,3,
,OUTAGAMIE - CITY OF APPLETON - WARD 50,,1,,,1,1,
,OUTAGAMIE - CITY OF APPLETON - WARD 51,,2,,,4,2,
,OUTAGAMIE - CITY OF APPLETON - WARD 52,,1,,,1,,
,OUTAGAMIE - CITY OF APPLETON - WARD 54,,4,,,3,1,
,OUTAGAMIE - CITY OF APPLETON - WARD 55,,,,,2,2,
,OUTAGAMIE - CITY OF APPLETON - WARD 6,,3,,,3,1,
,OUTAGAMIE - CITY OF APPLETON - WARD 7,,3,,,4,,
,OUTAGAMIE - CITY OF APPLETON - WARD 8,,4,,,4,,
,OUTAGAMIE - CITY OF APPLETON - WARD 9,,5,,,7,2,
,OUTAGAMIE - CITY OF KAUKAUNA - WARD 2,,,,,1,,
,OUTAGAMIE - TOWN OF BLACK CREEK - WARD 1,,1,,,1,1,
,OUTAGAMIE - TOWN OF BUCHANAN - WARD 6,,1,,,1,,
,OUTAGAMIE - TOWN OF DALE - WARD 1,,,1,,1,,
,OUTAGAMIE - TOWN OF ELLINGTON - WARD 3,,1,,,1,,
,OUTAGAMIE - TOWN OF GRAND CHUTE - WARD 1,,1,,,3,,
,OUTAGAMIE - TOWN OF GRAND CHUTE - WARD 10,,2,,,2,2,
,OUTAGAMIE - TOWN OF GRAND CHUTE - WARD 12,,4,2,1,6,,
,OUTAGAMIE - TOWN OF GRAND CHUTE - WARD 13,,3,,,2,2,
,OUTAGAMIE - TOWN OF GRAND CHUTE - WARD 14,,4,,,4,1,
,OUTAGAMIE - TOWN OF GRAND CHUTE - WARD 15,,1,,,1,,
,OUTAGAMIE - TOWN OF GRAND CHUTE - WARD 16,,5,,,4,1,
,OUTAGAMIE - TOWN OF GRAND CHUTE - WARD 2,,5,,1,4,3,
,OUTAGAMIE - TOWN OF GRAND CHUTE - WARD 3,,5,3,,4,3,
,OUTAGAMIE - TOWN OF GRAND CHUTE - WARD 4,,1,,,1,1,
,OUTAGAMIE - TOWN OF GRAND CHUTE - WARD 5,,3,,,3,1,
,OUTAGAMIE - TOWN OF GRAND CHUTE - WARD 6,,1,,,2,,
,OUTAGAMIE - TOWN OF GRAND CHUTE - WARD 7,,3,,,5,1,
,OUTAGAMIE - TOWN OF GRAND CHUTE - WARD 9,,2,,,2,,
,OUTAGAMIE - TOWN OF GREENVILLE - WARD 2,,1,,,,1,
,OUTAGAMIE - TOWN OF GREENVILLE - WARD 3,,,,1,1,,
,OUTAGAMIE - TOWN OF GREENVILLE - WARD 7,,2,,,3,1,
,OUTAGAMIE - TOWN OF HORTONIA - WARD 2,,1,1,,1,1,
,OUTAGAMIE - TOWN OF ONEIDA - WARD 1,,5,1,1,6,2,
,OUTAGAMIE - TOWN OF ONEIDA - WARD 2,,4,,,5,1,
,OUTAGAMIE - TOWN OF ONEIDA - WARD 3,,1,,,3,2,
,OUTAGAMIE - TOWN OF ONEIDA - WARD 4,,4,2,,7,7,
,OUTAGAMIE - TOWN OF ONEIDA - WARD 5,,3,,,4,1,
,OUTAGAMIE - VILLAGE OF COMBINED LOCKS - WARD 3,,1,,,1,,
,OUTAGAMIE - VILLAGE OF KIMBERLY - WARD 1,,2,,,2,2,
,OUTAGAMIE - VILLAGE OF KIMBERLY - WARD 8,,4,,,3,2,
,OUTAGAMIE - VILLAGE OF LITTLE CHUTE - WARD 1,,1,,,1,,
,OUTAGAMIE - VILLAGE OF LITTLE CHUTE - WARD 12,,,,,1,,
,OZAUKEE - CITY OF CEDARBURG - WARD 1,,1,,,1,1,
,OZAUKEE - CITY OF CEDARBURG - WARD 3,,4,1,,7,2,
,OZAUKEE - CITY OF CEDARBURG - WARD 4,,1,,,1,,
,OZAUKEE - CITY OF CEDARBURG - WARD 5,,,,,1,,
,OZAUKEE - CITY OF CEDARBURG - WARD 7,,5,,,3,1,
,OZAUKEE - CITY OF MEQUON - WARD 1,,6,,,6,3,
,OZAUKEE - CITY OF MEQUON - WARD 10,,3,,,5,2,
,OZAUKEE - CITY OF MEQUON - WARD 11,,4,,,3,3,
,OZAUKEE - CITY OF MEQUON - WARD 12,,,,1,1,,
,OZAUKEE - CITY OF MEQUON - WARD 13,1,3,,,3,1,
,OZAUKEE - CITY OF MEQUON - WARD 14,,1,,1,2,1,
,OZAUKEE - CITY OF MEQUON - WARD 16,,3,,,3,2,
,OZAUKEE - CITY OF MEQUON - WARD 2,,5,,,7,1,
,OZAUKEE - CITY OF MEQUON - WARD 20,,1,,,1,,
,OZAUKEE - CITY OF MEQUON - WARD 21,,1,,,1,1,
,OZAUKEE - CITY OF MEQUON - WARD 5,,12,,,11,3,
,OZAUKEE - CITY OF MEQUON - WARD 6,,6,,,6,5,
,OZAUKEE - CITY OF MEQUON - WARD 7A,,4,,,3,1,
,OZAUKEE - CITY OF MEQUON - WARD 7B,,7,2,,5,1,
,OZAUKEE - CITY OF MEQUON - WARD 8,,6,,,5,2,
,OZAUKEE - CITY OF MEQUON - WARD 9,,11,1,1,13,4,
,OZAUKEE - CITY OF PORT WASHINGTON - WARD 3,,1,1,,1,1,
,OZAUKEE - CITY OF PORT WASHINGTON - WARD 4,,1,,,,,
,OZAUKEE - CITY OF PORT WASHINGTON - WARD 5,,1,1,,1,,
,OZAUKEE - TOWN OF BELGIUM - WARD 3,,1,,,1,1,
,OZAUKEE - TOWN OF CEDARBURG - WARD 1,,1,,,1,,
,OZAUKEE - TOWN OF CEDARBURG - WARD 7,,2,,,2,1,
,OZAUKEE - TOWN OF FREDONIA - WARD 4,,,,,1,1,
,OZAUKEE - TOWN OF GRAFTON - WARD 3,,1,,,1,1,
,OZAUKEE - TOWN OF SAUKVILLE - WARD 2,,3,,,3,1,
,OZAUKEE - VILLAGE OF BELGIUM - WARD 1,,1,,,1,1,
,OZAUKEE - VILLAGE OF BELGIUM - WARD 3,,1,,1,2,1,
,OZAUKEE - VILLAGE OF GRAFTON - WARD 1,,1,,,1,,
,OZAUKEE - VILLAGE OF GRAFTON - WARD 10,,1,,,1,,
,OZAUKEE - VILLAGE OF GRAFTON - WARD 11,,1,,,,,
,OZAUKEE - VILLAGE OF GRAFTON - WARD 2,,1,,,,,
,OZAUKEE - VILLAGE OF GRAFTON - WARD 4,,,,,1,1,
,OZAUKEE - VILLAGE OF GRAFTON - WARD 8,,,,2,2,2,
,OZAUKEE - VILLAGE OF SAUKVILLE - WARD 5,,2,,,2,1,
,OZAUKEE - VILLAGE OF SAUKVILLE - WARD 6,,1,,,1,,
,OZAUKEE - VILLAGE OF SAUKVILLE - WARD 7,,2,1,,1,1,
,OZAUKEE - VILLAGE OF THIENSVILLE - WARD 1,,2,,,2,2,
,OZAUKEE - VILLAGE OF THIENSVILLE - WARD 2,,1,,,1,1,
,OZAUKEE - VILLAGE OF THIENSVILLE - WARD 4,,3,,,1,1,
,PIERCE - CITY OF PRESCOTT - WARD 2,,,,,1,1,
,PIERCE - CITY OF RIVER FALLS - WARD 13,,,,,1,1,
,PIERCE - CITY OF RIVER FALLS - WARD 5,,2,,,2,2,
,PIERCE - CITY OF RIVER FALLS - WARD 8,,1,,,1,,
,PIERCE - CITY OF RIVER FALLS - WARD 9,,,,,1,,
,PIERCE - TOWN OF GILMAN - WARD 1,,2,,,3,3,
,PIERCE - VILLAGE OF ELLSWORTH - WARD 4,,1,,,1,1,
,POLK - TOWN OF APPLE RIVER - WARD 2,,1,,,1,,
,POLK - VILLAGE OF OSCEOLA - WARD 1,,1,,,1,,
,POLK - VILLAGE OF OSCEOLA - WARD 2,,1,,,1,,
,PORTAGE - CITY OF STEVENS POINT - WARD 1,,1,,,1,,
,PORTAGE - CITY OF STEVENS POINT - WARD 10,,1,,,1,,
,PORTAGE - CITY OF STEVENS POINT - WARD 11,,1,,1,2,1,
,PORTAGE - CITY OF STEVENS POINT - WARD 14,,4,,,5,1,
,PORTAGE - CITY OF STEVENS POINT - WARD 15,,2,1,1,4,2,
,PORTAGE - CITY OF STEVENS POINT - WARD 16,,1,,,4,1,
,PORTAGE - CITY OF STEVENS POINT - WARD 17,,1,,,1,,
,PORTAGE - CITY OF STEVENS POINT - WARD 19,,3,,,3,,
,PORTAGE - CITY OF STEVENS POINT - WARD 20,,3,,,4,3,
,PORTAGE - CITY OF STEVENS POINT - WARD 21,,1,,,1,,
,PORTAGE - CITY OF STEVENS POINT - WARD 22,,2,,,2,1,
,PORTAGE - CITY OF STEVENS POINT - WARD 24,,2,,,1,,
,PORTAGE - CITY OF STEVENS POINT - WARD 25,,,,,1,,
,PORTAGE - CITY OF STEVENS POINT - WARD 26,,,,,1,,
,PORTAGE - CITY OF STEVENS POINT - WARD 27,,,,,6,1,
,PORTAGE - CITY OF STEVENS POINT - WARD 29,,4,,,6,,
,PORTAGE - CITY OF STEVENS POINT - WARD 3,,3,,,3,1,
,PORTAGE - CITY OF STEVENS POINT - WARD 30,,1,,,1,,
,PORTAGE - CITY OF STEVENS POINT - WARD 32,,,,,1,1,
,PORTAGE - CITY OF STEVENS POINT - WARD 33,,2,,,6,3,
,PORTAGE - CITY OF STEVENS POINT - WARD 4,,3,,,3,,
,PORTAGE - TOWN OF EAU PLEINE - WARD 1,,1,,,1,,
,PORTAGE - TOWN OF HULL - WARD 1,,1,,,1,,
,PORTAGE - TOWN OF HULL - WARD 4,,,,,1,,
,PORTAGE - TOWN OF HULL - WARD 5,,1,,,1,,
,PORTAGE - TOWN OF HULL - WARD 8,,2,,,2,1,
,PORTAGE - TOWN OF LANARK - WARD 1,,1,,,1,1,
,PORTAGE - VILLAGE OF PARK RIDGE - WARD 1,,3,,,3,2,
,PORTAGE - VILLAGE OF PLOVER - WARD 2,,2,1,,4,,
,PORTAGE - VILLAGE OF PLOVER - WARD 3,,6,,,6,2,
,PORTAGE - VILLAGE OF PLOVER - WARD 4,,5,,,5,1,
,PORTAGE - VILLAGE OF PLOVER - WARD 5,,4,,,4,2,
,PORTAGE - VILLAGE OF PLOVER - WARD 6,,1,,,1,,
,PORTAGE - VILLAGE OF PLOVER - WARD 7,,6,,,6,1,
,PORTAGE - VILLAGE OF PLOVER - WARD 8,,5,,,4,2,
,PORTAGE - VILLAGE OF PLOVER - WARD 9,,1,,,3,2,
,PORTAGE - VILLAGE OF WHITING - WARD 1,,1,,,1,1,
,PORTAGE - VILLAGE OF WHITING - WARD 2,1,,,,4,3,
,PORTAGE - VILLAGE OF WHITING - WARD 3,1,9,,,11,2,
,PRICE - TOWN OF WORCESTER - WARD 3,,1,1,1,1,1,
,PRICE - VILLAGE OF PRENTICE - WARD 1,,2,,,2,2,
,RACINE - CITY OF BURLINGTON - WARD 1,,1,1,,1,1,
,RACINE - CITY OF BURLINGTON - WARD 2,,2,2,,2,2,
,RACINE - CITY OF RACINE - WARD 10,,1,,,1,,
,RACINE - CITY OF RACINE - WARD 14,,1,,,1,1,
,RACINE - CITY OF RACINE - WARD 16,,2,2,,2,,
,RACINE - CITY OF RACINE - WARD 20,,1,1,,2,1,
,RACINE - CITY OF RACINE - WARD 23,,1,,,1,1,
,RACINE - CITY OF RACINE - WARD 33,,,,,1,1,
,RACINE - CITY OF RACINE - WARD 36,,,,,1,1,
,RACINE - TOWN OF NORWAY - WARD 5,,1,,,1,,
,RACINE - TOWN OF NORWAY - WARD 6,,1,,,1,,
,RACINE - TOWN OF NORWAY - WARD 7,,1,,,,,
,RACINE - TOWN OF WATERFORD - WARD 10,,,1,,1,,
,RACINE - VILLAGE OF CALEDONIA - WARD 10,,4,,,4,2,
,RACINE - VILLAGE OF CALEDONIA - WARD 13,,2,,,3,2,
,RACINE - VILLAGE OF CALEDONIA - WARD 14,,2,,,3,,
,RACINE - VILLAGE OF CALEDONIA - WARD 15,,1,,,2,1,
,RACINE - VILLAGE OF CALEDONIA - WARD 16,,2,,,2,,
,RACINE - VILLAGE OF CALEDONIA - WARD 2,,3,,1,2,,
,RACINE - VILLAGE OF CALEDONIA - WARD 3,,1,1,1,2,1,
,RACINE - VILLAGE OF CALEDONIA - WARD 4,,2,,,2,2,
,RACINE - VILLAGE OF CALEDONIA - WARD 8,,1,,,1,1,
,RACINE - VILLAGE OF MT. PLEASANT - WARD 1,,1,,,2,,
,RACINE - VILLAGE OF MT. PLEASANT - WARD 10,,6,,,7,4,
,RACINE - VILLAGE OF MT. PLEASANT - WARD 11,,1,,,1,,
,RACINE - VILLAGE OF MT. PLEASANT - WARD 12,,2,,,2,,
,RACINE - VILLAGE OF MT. PLEASANT - WARD 14,,1,,,1,1,
,RACINE - VILLAGE OF MT. PLEASANT - WARD 17,,2,,,2,2,
,RACINE - VILLAGE OF MT. PLEASANT - WARD 19,,1,,,1,,
,RACINE - VILLAGE OF MT. PLEASANT - WARD 2,,,,,1,,
,RACINE - VILLAGE OF MT. PLEASANT - WARD 21,,1,,,1,1,
,RACINE - VILLAGE OF MT. PLEASANT - WARD 3,,6,,,5,1,
,RACINE - VILLAGE OF MT. PLEASANT - WARD 5,,4,,,3,2,
,RACINE - VILLAGE OF MT. PLEASANT - WARD 6,,2,,,2,,
,RACINE - VILLAGE OF MT. PLEASANT - WARD 7,,2,,,2,,
,RACINE - VILLAGE OF MT. PLEASANT - WARD 9,,11,,,11,8,
,RACINE - VILLAGE OF RAYMOND - WARD 3,,1,,,1,1,
,RACINE - VILLAGE OF RAYMOND - WARD 5,,1,,,1,,
,RACINE - VILLAGE OF STURTEVANT - WARD 2,,2,,,3,,
,RACINE - VILLAGE OF STURTEVANT - WARD 5,,3,,,3,2,
,RACINE - VILLAGE OF STURTEVANT - WARD 6,,1,,1,,1,
,RACINE - VILLAGE OF UNION GROVE - WARD 3,,,,,2,,
,RACINE - VILLAGE OF WATERFORD - WARD 3,,1,1,,1,,
,RACINE - VILLAGE OF WIND POINT - WARD 1,,5,,,5,3,
,RACINE - VILLAGE OF WIND POINT - WARD 2,,2,,,3,1,
,RACINE - VILLAGE OF YORKVILLE - WARD 2,,1,,,1,1,
,ROCK - CITY OF BELOIT - WARD 03,,2,,,2,,
,ROCK - CITY OF BELOIT - WARD 05,,,,,1,,
,ROCK - CITY OF BELOIT - WARD 07,,1,,,1,,
,ROCK - CITY OF BELOIT - WARD 16,,1,,,1,1,
,ROCK - CITY OF BELOIT - WARD 17,,,,,2,1,
,ROCK - CITY OF BELOIT - WARD 20,,,,1,1,,
,ROCK - CITY OF BELOIT - WARD 22,,1,,,1,,
,ROCK - CITY OF EVANSVILLE - WARD 4,,1,,,1,,
,ROCK - CITY OF JANESVILLE - WARD 16,,1,,,2,,
,ROCK - CITY OF JANESVILLE - WARD 17,,1,,1,1,,
,ROCK - CITY OF JANESVILLE - WARD 18,,2,,,2,2,
,ROCK - CITY OF JANESVILLE - WARD 2,,1,,,1,1,
,ROCK - CITY OF JANESVILLE - WARD 22,,2,,,2,,
,ROCK - CITY OF JANESVILLE - WARD 24,,,,,1,1,
,ROCK - CITY OF JANESVILLE - WARD 25,,3,,,3,,
,ROCK - CITY OF JANESVILLE - WARD 4,,1,,,1,,
,ROCK - CITY OF JANESVILLE - WARD 6,,4,,,4,1,
,ROCK - CITY OF JANESVILLE - WARD 7,,1,,,1,,
,ROCK - CITY OF JANESVILLE - WARD 8,,,,,1,1,
,ROCK - TOWN OF BELOIT - WARD 3,,1,,,1,1,
,ROCK - TOWN OF FULTON - WARD 4,,,,,1,,
,ROCK - TOWN OF FULTON - WARD 6,,2,1,,2,,
,ROCK - TOWN OF HARMONY - WARD 3,,1,,,1,,
,ROCK - TOWN OF JANESVILLE - WARD 5,,1,,,1,,
,SAINT CROIX - CITY OF HUDSON - WARD 2,,1,,,2,1,
,SAINT CROIX - CITY OF HUDSON - WARD 3,,1,,,1,,
,SAINT CROIX - CITY OF HUDSON - WARD 5,,1,,,1,,
,SAINT CROIX - CITY OF HUDSON - WARD 6,,,,,2,1,
,SAINT CROIX - CITY OF HUDSON - WARD 7,,1,,,2,2,
,SAINT CROIX - CITY OF HUDSON - WARD 8,,4,,,3,1,
,SAINT CROIX - CITY OF HUDSON - WARD 9,,1,,,1,,
,SAINT CROIX - CITY OF RIVER FALLS - WARD 3,,,,,1,,
,SAINT CROIX - TOWN OF HUDSON - WARD 1,,1,,,1,1,
,SAINT CROIX - TOWN OF HUDSON - WARD 10,,,,,2,,
,SAINT CROIX - TOWN OF HUDSON - WARD 14,,1,,,1,,
,SAINT CROIX - TOWN OF HUDSON - WARD 3,,1,,,1,1,
,SAINT CROIX - TOWN OF HUDSON - WARD 4,,1,,,1,,
,SAINT CROIX - TOWN OF HUDSON - WARD 6,,1,,,1,,
,SAINT CROIX - TOWN OF HUDSON - WARD 7,,,,,1,,
,SAINT CROIX - TOWN OF HUDSON - WARD 8,,,,,2,,
,SAINT CROIX - TOWN OF ST. JOSEPH - WARD 5,,1,,,1,,
,SAINT CROIX - TOWN OF TROY - WARD 2,,1,,,2,,
,SAINT CROIX - TOWN OF TROY - WARD 5,,1,,,1,1,
,SAINT CROIX - TOWN OF WARREN - WARD 2,,1,,,1,,
,SAINT CROIX - VILLAGE OF HAMMOND - WARD 4,,1,,,1,,
,SAINT CROIX - VILLAGE OF NORTH HUDSON - WARD 3,,4,,,4,1,
,SAUK - CITY OF BARABOO - WARD 10,,1,,,1,,
,SAUK - CITY OF BARABOO - WARD 13,,1,,,,1,
,SAUK - CITY OF BARABOO - WARD 3,,1,,,,1,
,SAUK - CITY OF BARABOO - WARD 5,,,1,1,1,,
,SAUK - CITY OF BARABOO - WARD 7,,,1,,1,1,
,SAUK - TOWN OF BARABOO - WARD 3,,,,,1,,
,SAUK - TOWN OF DELTON - WARD 3,,,,,1,,
,SAUK - VILLAGE OF SPRING GREEN - WARD 1,,1,,,1,,
,SAWYER - CITY OF HAYWARD - WARD 1,,2,,,2,1,
,SAWYER - CITY OF HAYWARD - WARD 3,,1,,,1,,
,SAWYER - CITY OF HAYWARD - WARD 4,,,,,2,1,
,SAWYER - TOWN OF BASS LAKE - WARD 1,,1,,,1,,
,SAWYER - TOWN OF BASS LAKE - WARD 3,,4,,,12,9,
,SAWYER - TOWN OF BASS LAKE - WARD 4,,9,,,17,8,
,SAWYER - TOWN OF BASS LAKE - WARD 5,,,,,4,3,
,SAWYER - TOWN OF COUDERAY - WARD 1,,,,,3,1,
,SAWYER - TOWN OF HAYWARD - WARD 2,,1,,,1,1,
,SAWYER - TOWN OF HAYWARD - WARD 4,1,1,,,1,1,
,SAWYER - TOWN OF HAYWARD - WARD 5,,3,,,5,4,
,SAWYER - TOWN OF HAYWARD - WARD 6,,6,,,19,14,
,SAWYER - TOWN OF HAYWARD - WARD 8,,3,,,2,2,
,SAWYER - TOWN OF HUNTER - WARD 1,,3,,,9,6,
,SAWYER - TOWN OF LENROOT - WARD 1,,1,1,,1,1,
,SAWYER - TOWN OF LENROOT - WARD 2,,,,,1,,
,SAWYER - TOWN OF RADISSON - WARD 1,,1,,,1,1,
,SAWYER - TOWN OF ROUND LAKE - WARD 1,,,,,2,1,
,SAWYER - TOWN OF SAND LAKE - WARD 1,,2,,,5,3,
,SHAWANO - TOWN OF ALMON - WARD 1,,2,,,2,1,
,SHAWANO - TOWN OF BARTELME - WARD 1,,12,,1,24,9,
,SHAWANO - TOWN OF GRANT - WARD 2,,,,,1,1,
,SHAWANO - TOWN OF HERMAN - WARD 1,,1,,,3,2,
,SHAWANO - TOWN OF HERMAN - WARD 2,,1,,,3,2,
,SHAWANO - TOWN OF RED SPRINGS - WARD 1,,8,,,16,3,
,SHAWANO - TOWN OF RED SPRINGS - WARD 2,,2,,,6,1,
,SHAWANO - TOWN OF RICHMOND - WARD 1,,,,,1,1,
,SHAWANO - TOWN OF SENECA - WARD 1,,2,,,3,1,
,SHAWANO - TOWN OF WASHINGTON - WARD 1,,1,,,1,1,
,SHAWANO - TOWN OF WESCOTT - WARD 1,,3,,,5,3,
,SHAWANO - TOWN OF WESCOTT - WARD 2,,1,,,1,,
,SHAWANO - TOWN OF WESCOTT - WARD 3,,2,,,2,,
,SHAWANO - TOWN OF WESCOTT - WARD 4,,1,,,1,,
,SHAWANO - VILLAGE OF BOWLER - WARD 1,,2,,,4,1,
,SHAWANO - VILLAGE OF GRESHAM - WARD 1,,6,,,8,6,
,SHAWANO - VILLAGE OF TIGERTON - WARD 1,,1,1,,1,,
,SHEBOYGAN - CITY OF PLYMOUTH - WARD 10,,1,,,1,,
,SHEBOYGAN - CITY OF PLYMOUTH - WARD 9,,1,1,,1,1,
,SHEBOYGAN - CITY OF SHEBOYGAN - WARD 1,,7,,,8,5,
,SHEBOYGAN - CITY OF SHEBOYGAN - WARD 10,,3,1,1,8,2,
,SHEBOYGAN - CITY OF SHEBOYGAN - WARD 11,,3,,,6,2,
,SHEBOYGAN - CITY OF SHEBOYGAN - WARD 12,,2,2,,2,,
,SHEBOYGAN - CITY OF SHEBOYGAN - WARD 13,,2,,1,5,1,
,SHEBOYGAN - CITY OF SHEBOYGAN - WARD 14,,7,,,9,4,
,SHEBOYGAN - CITY OF SHEBOYGAN - WARD 15,,3,,,4,1,
,SHEBOYGAN - CITY OF SHEBOYGAN - WARD 16,,7,,,8,1,
,SHEBOYGAN - CITY OF SHEBOYGAN - WARD 17,,,,,3,1,
,SHEBOYGAN - CITY OF SHEBOYGAN - WARD 18,,9,,1,7,1,
,SHEBOYGAN - CITY OF SHEBOYGAN - WARD 19,,6,,,8,1,
,SHEBOYGAN - CITY OF SHEBOYGAN - WARD 2,,3,,,3,1,
,SHEBOYGAN - CITY OF SHEBOYGAN - WARD 20,,2,1,,2,,
,SHEBOYGAN - CITY OF SHEBOYGAN - WARD 21,,5,,,7,1,
,SHEBOYGAN - CITY OF SHEBOYGAN - WARD 22,,10,,,11,1,
,SHEBOYGAN - CITY OF SHEBOYGAN - WARD 23,,4,,,5,1,
,SHEBOYGAN - CITY OF SHEBOYGAN - WARD 24,,1,,,2,,
,SHEBOYGAN - CITY OF SHEBOYGAN - WARD 25,,9,,,10,6,
,SHEBOYGAN - CITY OF SHEBOYGAN - WARD 26,,3,1,,2,1,
,SHEBOYGAN - CITY OF SHEBOYGAN - WARD 3,,1,,1,5,1,
,SHEBOYGAN - CITY OF SHEBOYGAN - WARD 4,,9,,,13,4,
,SHEBOYGAN - CITY OF SHEBOYGAN - WARD 5,,6,,,6,1,
,SHEBOYGAN - CITY OF SHEBOYGAN - WARD 6,,3,,,3,,
,SHEBOYGAN - CITY OF SHEBOYGAN - WARD 8,,4,,,4,3,
,SHEBOYGAN - CITY OF SHEBOYGAN - WARD 9,,1,,,2,2,
,SHEBOYGAN - CITY OF SHEBOYGAN FALLS - WARD 1,,1,,,1,,
,SHEBOYGAN - CITY OF SHEBOYGAN FALLS - WARD 2,,3,,,3,,
,SHEBOYGAN - TOWN OF HOLLAND - WARD 2,,1,,,1,,
,SHEBOYGAN - TOWN OF LYNDON - WARD 2,,2,,,2,2,
,SHEBOYGAN - TOWN OF MOSEL - WARD 1,,1,,,1,,
,SHEBOYGAN - TOWN OF RHINE - WARD 1,,1,1,,1,,
,SHEBOYGAN - TOWN OF SHEBOYGAN FALLS - WARD 2,,2,,2,2,1,
,SHEBOYGAN - TOWN OF SHEBOYGAN FALLS - WARD 3,,4,,,4,3,
,SHEBOYGAN - TOWN OF WILSON - WARD 1,,3,,,3,,
,SHEBOYGAN - TOWN OF WILSON - WARD 3,,4,,,4,,
,SHEBOYGAN - TOWN OF WILSON - WARD 4,,3,,,4,2,
,SHEBOYGAN - VILLAGE OF ADELL - WARD 1,,3,,,6,2,
,SHEBOYGAN - VILLAGE OF CEDAR GROVE - WARD 3,,1,,,1,,
,SHEBOYGAN - VILLAGE OF HOWARDS GROVE - WARD 1,,1,,,1,1,
,SHEBOYGAN - VILLAGE OF HOWARDS GROVE - WARD 2,,1,,,1,1,
,SHEBOYGAN - VILLAGE OF KOHLER - WARD 2,,4,,,4,,
,SHEBOYGAN - VILLAGE OF KOHLER - WARD 3,,3,,,5,2,
,SHEBOYGAN - VILLAGE OF OOSTBURG - WARD 3,,1,,,1,1,
,TREMPEALEAU - TOWN OF ETTRICK - WARD 1,,1,1,,1,1,
,VERNON - TOWN OF BERGEN - WARD 1,,,,,1,1,
,VERNON - TOWN OF STARK - WARD 2,,1,1,,1,,
,VERNON - TOWN OF VIROQUA - WARD 3,,1,,,,,
,VILAS - TOWN OF ARBOR VITAE - WARD 2,,3,,,3,1,
,VILAS - TOWN OF ARBOR VITAE - WARD 4,,1,,,1,1,
,VILAS - TOWN OF ARBOR VITAE - WARD 5,,1,,,1,1,
,VILAS - TOWN OF LAC DU FLAMBEAU - WARD 1,,5,,,6,4,
,VILAS - TOWN OF LAC DU FLAMBEAU - WARD 2,,,,,2,,
,VILAS - TOWN OF LAC DU FLAMBEAU - WARD 3,,1,,,12,4,
,VILAS - TOWN OF LAC DU FLAMBEAU - WARD 4,,2,,,2,1,
,VILAS - TOWN OF LAC DU FLAMBEAU - WARD 5,,3,1,1,4,2,
,VILAS - TOWN OF LAC DU FLAMBEAU - WARD 6,,1,,,4,2,
,VILAS - TOWN OF LAC DU FLAMBEAU - WARD 7,,3,,1,7,3,
,VILAS - TOWN OF MANITOWISH WATERS - WARD 1,,4,,,6,3,
,WALWORTH - CITY OF ELKHORN - WARD 3,,1,,,1,1,
,WALWORTH - CITY OF LAKE GENEVA - WARD 7,,2,,,2,1,
,WALWORTH - CITY OF LAKE GENEVA - WARD 8,,4,,,4,4,
,WALWORTH - CITY OF WHITEWATER - WARD 1,,1,,,1,,
,WALWORTH - CITY OF WHITEWATER - WARD 6,,2,,,2,2,
,WALWORTH - TOWN OF BLOOMFIELD - WARD 2,,,,,1,,
,WALWORTH - TOWN OF GENEVA - WARD 8,,1,,,1,1,
,WALWORTH - TOWN OF LINN - WARD 5,,2,,,2,2,
,WALWORTH - TOWN OF SUGAR CREEK - WARD 2,,1,,,1,,
,WALWORTH - TOWN OF TROY - WARD 2,,1,1,,1,,
,WALWORTH - VILLAGE OF EAST TROY - WARD 1,,,,,1,,
,WALWORTH - VILLAGE OF EAST TROY - WARD 5,,1,,,1,,
,WALWORTH - VILLAGE OF FONTANA - WARD 2,,3,,,3,2,
,WALWORTH - VILLAGE OF WILLIAMS BAY - WARD 1,,2,,,2,2,
,WASHBURN - TOWN OF BARRONETT - WARD 1,,,,,1,1,
,WASHINGTON - CITY OF HARTFORD - WARD 10,,1,,,1,1,
,WASHINGTON - CITY OF HARTFORD - WARD 13,,2,,,1,1,
,WASHINGTON - CITY OF HARTFORD - WARD 14,,2,,,2,,
,WASHINGTON - CITY OF HARTFORD - WARD 2,,,,,1,,
,WASHINGTON - CITY OF HARTFORD - WARD 4,,1,,,1,1,
,WASHINGTON - CITY OF HARTFORD - WARD 5,,3,3,,3,1,
,WASHINGTON - CITY OF HARTFORD - WARD 7,,1,,,1,,
,WASHINGTON - CITY OF HARTFORD - WARD 9,,1,1,,1,,
,WASHINGTON - CITY OF WEST BEND - WARD 14,,,,,1,1,
,WASHINGTON - TOWN OF ADDISON - WARD 1,,1,,,1,,
,WASHINGTON - TOWN OF GERMANTOWN - WARD 1,,,,,1,,
,WASHINGTON - TOWN OF JACKSON - WARD 2,,1,,,1,1,
,WASHINGTON - TOWN OF JACKSON - WARD 3,,3,,,2,2,
,WASHINGTON - TOWN OF POLK - WARD 2,,1,,,1,1,
,WASHINGTON - TOWN OF POLK - WARD 5,,1,,,1,,
,WASHINGTON - TOWN OF POLK - WARD 6,,,,,2,1,
,WASHINGTON - VILLAGE OF GERMANTOWN - WARD 10,,4,,2,7,2,
,WASHINGTON - VILLAGE OF GERMANTOWN - WARD 11,,9,,,9,4,
,WASHINGTON - VILLAGE OF GERMANTOWN - WARD 12,,3,,,3,2,
,WASHINGTON - VILLAGE OF GERMANTOWN - WARD 13,,2,,,2,2,
,WASHINGTON - VILLAGE OF GERMANTOWN - WARD 17,,1,,,1,,
,WASHINGTON - VILLAGE OF GERMANTOWN - WARD 5,,3,,,5,,
,WASHINGTON - VILLAGE OF GERMANTOWN - WARD 7,,,,,1,1,
,WASHINGTON - VILLAGE OF GERMANTOWN - WARD 9,,6,,,7,5,
,WASHINGTON - VILLAGE OF JACKSON - WARD 4,,2,,,2,2,
,WASHINGTON - VILLAGE OF JACKSON - WARD 7,,1,,,1,,
,WASHINGTON - VILLAGE OF RICHFIELD - WARD 2,,,1,,1,1,
,WASHINGTON - VILLAGE OF RICHFIELD - WARD 6,,1,,,1,1,
,WASHINGTON - VILLAGE OF RICHFIELD - WARD 9,,1,,,1,,
,WASHINGTON - VILLAGE OF SLINGER - WARD 6,,1,,,1,,
,WAUKESHA - CITY OF BROOKFIELD - WARD 01,,1,,,,,
,WAUKESHA - CITY OF BROOKFIELD - WARD 02,,3,,,3,,
,WAUKESHA - CITY OF BROOKFIELD - WARD 03,,5,,,6,1,
,WAUKESHA - CITY OF BROOKFIELD - WARD 04,,5,,,5,,
,WAUKESHA - CITY OF BROOKFIELD - WARD 05,,2,,,1,,
,WAUKESHA - CITY OF BROOKFIELD - WARD 06,,2,,,1,,
,WAUKESHA - CITY OF BROOKFIELD - WARD 07,,1,,,1,1,
,WAUKESHA - CITY OF BROOKFIELD - WARD 08,,9,,,10,3,
,WAUKESHA - CITY OF BROOKFIELD - WARD 10,,7,,,7,5,
,WAUKESHA - CITY OF BROOKFIELD - WARD 11,,28,1,1,24,8,
,WAUKESHA - CITY OF BROOKFIELD - WARD 12,,15,,3,16,6,
,WAUKESHA - CITY OF BROOKFIELD - WARD 13,,11,1,1,12,3,
,WAUKESHA - CITY OF BROOKFIELD - WARD 14,,11,,1,10,6,
,WAUKESHA - CITY OF BROOKFIELD - WARD 15,,8,1,,9,3,
,WAUKESHA - CITY OF BROOKFIELD - WARD 16,,4,2,2,2,2,
,WAUKESHA - CITY OF BROOKFIELD - WARD 17,,10,,,7,3,
,WAUKESHA - CITY OF BROOKFIELD - WARD 18,,11,,1,12,8,
,WAUKESHA - CITY OF BROOKFIELD - WARD 19,,8,,,9,2,
,WAUKESHA - CITY OF BROOKFIELD - WARD 20,,17,,,18,4,
,WAUKESHA - CITY OF BROOKFIELD - WARD 21,,47,2,1,48,13,
,WAUKESHA - CITY OF BROOKFIELD - WARD 22,,22,2,3,22,8,
,WAUKESHA - CITY OF BROOKFIELD - WARD 23,,8,,,8,3,
,WAUKESHA - CITY OF BROOKFIELD - WARD 24,,4,,,5,1,
,WAUKESHA - CITY OF DELAFIELD - WARD 1,,,,,1,,
,WAUKESHA - CITY OF DELAFIELD - WARD 13,,1,,,1,1,
,WAUKESHA - CITY OF DELAFIELD - WARD 5,,1,,1,,,
,WAUKESHA - CITY OF DELAFIELD - WARD 8,,1,,,1,1,
,WAUKESHA - CITY OF MUSKEGO - WARD 10,,1,,,1,1,
,WAUKESHA - CITY OF MUSKEGO - WARD 14,,3,,,1,3,
,WAUKESHA - CITY OF MUSKEGO - WARD 15,,3,,,2,,
,WAUKESHA - CITY OF MUSKEGO - WARD 16,,1,1,,3,1,
,WAUKESHA - CITY OF MUSKEGO - WARD 2,,3,,,3,2,
,WAUKESHA - CITY OF MUSKEGO - WARD 3,,4,1,,4,1,
,WAUKESHA - CITY OF MUSKEGO - WARD 4,,2,,,2,1,
,WAUKESHA - CITY OF MUSKEGO - WARD 5,,1,,,1,,
,WAUKESHA - CITY OF MUSKEGO - WARD 7,,2,,,2,2,
,WAUKESHA - CITY OF NEW BERLIN - WARD 1,,10,,,9,1,
,WAUKESHA - CITY OF NEW BERLIN - WARD 11,,6,,,7,,
,WAUKESHA - CITY OF NEW BERLIN - WARD 13,,1,,,2,1,
,WAUKESHA - CITY OF NEW BERLIN - WARD 15,,5,,,5,1,
,WAUKESHA - CITY OF NEW BERLIN - WARD 16,,18,,,18,8,
,WAUKESHA - CITY OF NEW BERLIN - WARD 18,,7,,2,8,5,
,WAUKESHA - CITY OF NEW BERLIN - WARD 19,,4,,,3,3,
,WAUKESHA - CITY OF NEW BERLIN - WARD 2,,3,,,3,1,
,WAUKESHA - CITY OF NEW BERLIN - WARD 21,,21,,,19,5,
,WAUKESHA - CITY OF NEW BERLIN - WARD 22,,12,1,,14,5,
,WAUKESHA - CITY OF NEW BERLIN - WARD 23,,7,,,5,2,
,WAUKESHA - CITY OF NEW BERLIN - WARD 24,,21,,,23,6,
,WAUKESHA - CITY OF NEW BERLIN - WARD 25,,1,,2,3,3,
,WAUKESHA - CITY OF NEW BERLIN - WARD 26,,3,,,5,,
,WAUKESHA - CITY OF NEW BERLIN - WARD 27,,6,,,6,4,
,WAUKESHA - CITY OF NEW BERLIN - WARD 3,,9,,,10,2,
,WAUKESHA - CITY OF NEW BERLIN - WARD 4,,7,,,8,6,
,WAUKESHA - CITY OF NEW BERLIN - WARD 5,,4,1,1,4,3,
,WAUKESHA - CITY OF NEW BERLIN - WARD 6,,5,,2,4,1,
,WAUKESHA - CITY OF NEW BERLIN - WARD 8,,9,,1,8,2,
,WAUKESHA - CITY OF NEW BERLIN - WARD 9,,6,1,1,6,3,
,WAUKESHA - CITY OF OCONOMOWOC - WARD 10,,1,,,2,,
,WAUKESHA - CITY OF OCONOMOWOC - WARD 11,,1,,1,1,2,
,WAUKESHA - CITY OF OCONOMOWOC - WARD 6,,2,,,2,,
,WAUKESHA - CITY OF PEWAUKEE - WARD 1,,5,,,5,3,
,WAUKESHA - CITY OF PEWAUKEE - WARD 2,,5,1,,4,2,
,WAUKESHA - CITY OF PEWAUKEE - WARD 3,,2,,,,1,
,WAUKESHA - CITY OF PEWAUKEE - WARD 4,,,,,4,,
,WAUKESHA - CITY OF PEWAUKEE - WARD 5,,2,,,2,,
,WAUKESHA - CITY OF PEWAUKEE - WARD 6,,4,,,2,,
,WAUKESHA - CITY OF PEWAUKEE - WARD 7,,3,,,3,3,
,WAUKESHA - CITY OF PEWAUKEE - WARD 8,,3,,1,3,2,
,WAUKESHA - CITY OF WAUKESHA - WARD 1,,5,1,,4,2,
,WAUKESHA - CITY OF WAUKESHA - WARD 10,,1,,,1,,
,WAUKESHA - CITY OF WAUKESHA - WARD 12,,4,2,,7,1,
,WAUKESHA - CITY OF WAUKESHA - WARD 13,,4,,,3,2,
,WAUKESHA - CITY OF WAUKESHA - WARD 15,,1,,,1,1,
,WAUKESHA - CITY OF WAUKESHA - WARD 17,,5,1,,6,3,
,WAUKESHA - CITY OF WAUKESHA - WARD 19,,3,,,3,,
,WAUKESHA - CITY OF WAUKESHA - WARD 2,,5,,,4,1,
,WAUKESHA - CITY OF WAUKESHA - WARD 20,,6,,,6,,
,WAUKESHA - CITY OF WAUKESHA - WARD 21,,3,2,,3,1,
,WAUKESHA - CITY OF WAUKESHA - WARD 22,,1,,,2,1,
,WAUKESHA - CITY OF WAUKESHA - WARD 25,,1,,,1,,
,WAUKESHA - CITY OF WAUKESHA - WARD 29,,1,1,,1,1,
,WAUKESHA - CITY OF WAUKESHA - WARD 30,,2,,,2,,
,WAUKESHA - CITY OF WAUKESHA - WARD 31,,11,1,,11,2,
,WAUKESHA - CITY OF WAUKESHA - WARD 32,,6,,2,7,2,
,WAUKESHA - CITY OF WAUKESHA - WARD 33,,4,,,4,2,
,WAUKESHA - CITY OF WAUKESHA - WARD 35,,5,,,4,1,
,WAUKESHA - CITY OF WAUKESHA - WARD 36,,13,,1,12,4,
,WAUKESHA - CITY OF WAUKESHA - WARD 37,,4,,,4,3,
,WAUKESHA - CITY OF WAUKESHA - WARD 38,,5,,1,4,1,
,WAUKESHA - CITY OF WAUKESHA - WARD 5,,4,,1,4,2,
,WAUKESHA - CITY OF WAUKESHA - WARD 6,,2,,,2,2,
,WAUKESHA - CITY OF WAUKESHA - WARD 9,,,,1,1,,
,WAUKESHA - TOWN OF BROOKFIELD - WARD 1,,4,1,,2,,
,WAUKESHA - TOWN OF BROOKFIELD - WARD 10,,6,,,7,2,
,WAUKESHA - TOWN OF BROOKFIELD - WARD 2,,5,,1,6,2,
,WAUKESHA - TOWN OF BROOKFIELD - WARD 6,,1,,,1,,
,WAUKESHA - TOWN OF BROOKFIELD - WARD 7,,6,1,,6,,
,WAUKESHA - TOWN OF BROOKFIELD - WARD 9,,4,,,4,1,
,WAUKESHA - TOWN OF DELAFIELD - WARD 1,,,,,1,1,
,WAUKESHA - TOWN OF DELAFIELD - WARD 3,,7,,,5,5,
,WAUKESHA - TOWN OF DELAFIELD - WARD 4,,1,,,1,,
,WAUKESHA - TOWN OF GENESEE - WARD 10,,1,,,1,,
,WAUKESHA - TOWN OF GENESEE - WARD 9,,1,,,1,,
,WAUKESHA - TOWN OF LISBON - WARD 3,,1,,,,,
,WAUKESHA - TOWN OF LISBON - WARD 4,,1,,,1,,
,WAUKESHA - TOWN OF LISBON - WARD 6,,2,,,2,2,
,WAUKESHA - TOWN OF MERTON - WARD 1,,2,1,,2,2,
,WAUKESHA - TOWN OF MERTON - WARD 7,,1,1,,1,1,
,WAUKESHA - TOWN OF MERTON - WARD 8,,2,,,2,,
,WAUKESHA - TOWN OF MUKWONAGO - WARD 6,,1,,,1,1,
,WAUKESHA - TOWN OF OTTAWA - WARD 4,,1,1,,1,,
,WAUKESHA - TOWN OF VERNON - WARD 9,,2,,,2,,
,WAUKESHA - TOWN OF WAUKESHA - WARD 2,,1,,,1,1,
,WAUKESHA - TOWN OF WAUKESHA - WARD 4,,,1,,1,,
,WAUKESHA - TOWN OF WAUKESHA - WARD 6,,2,,,2,1,
,WAUKESHA - TOWN OF WAUKESHA - WARD 7,,,,,2,2,
,WAUKESHA - TOWN OF WAUKESHA - WARD 8,,1,,,2,,
,WAUKESHA - VILLAGE OF BUTLER - WARD 1,,,,,1,1,
,WAUKESHA - VILLAGE OF BUTLER - WARD 2,,,,,1,,
,WAUKESHA - VILLAGE OF BUTLER - WARD 3,,,,,1,,
,WAUKESHA - VILLAGE OF CHENEQUA - WARD 1,,1,,,1,,
,WAUKESHA - VILLAGE OF DOUSMAN - WARD 3,,2,,,2,1,
,WAUKESHA - VILLAGE OF ELM GROVE - WARD 1,,5,,1,5,2,
,WAUKESHA - VILLAGE OF ELM GROVE - WARD 2,,4,,,4,1,
,WAUKESHA - VILLAGE OF ELM GROVE - WARD 3,,2,1,2,2,,
,WAUKESHA - VILLAGE OF ELM GROVE - WARD 4,,1,1,,1,1,
,WAUKESHA - VILLAGE OF ELM GROVE - WARD 5,,3,,,2,,
,WAUKESHA - VILLAGE OF ELM GROVE - WARD 6,,2,,,1,1,
,WAUKESHA - VILLAGE OF ELM GROVE - WARD 7,,1,,,1,1,
,WAUKESHA - VILLAGE OF ELM GROVE - WARD 8,,2,,,2,1,
,WAUKESHA - VILLAGE OF HARTLAND - WARD 1,,7,,,4,1,
,WAUKESHA - VILLAGE OF HARTLAND - WARD 10,,4,,,3,,
,WAUKESHA - VILLAGE OF HARTLAND - WARD 12,,3,,,3,1,
,WAUKESHA - VILLAGE OF HARTLAND - WARD 2,,1,,,1,1,
,WAUKESHA - VILLAGE OF HARTLAND - WARD 3,,1,,,1,,
,WAUKESHA - VILLAGE OF HARTLAND - WARD 6,,3,,,2,2,
,WAUKESHA - VILLAGE OF LANNON - WARD 1,,,,,2,2,
,WAUKESHA - VILLAGE OF MENOMONEE FALLS - WARD 1,,1,,,1,1,
,WAUKESHA - VILLAGE OF MENOMONEE FALLS - WARD 10,,2,,,2,,
,WAUKESHA - VILLAGE OF MENOMONEE FALLS - WARD 11,,13,,,12,9,
,WAUKESHA - VILLAGE OF MENOMONEE FALLS - WARD 12,,6,,,6,1,
,WAUKESHA - VILLAGE OF MENOMONEE FALLS - WARD 13,,10,,2,8,1,
,WAUKESHA - VILLAGE OF MENOMONEE FALLS - WARD 14,,2,,1,2,,
,WAUKESHA - VILLAGE OF MENOMONEE FALLS - WARD 15,,6,1,,6,5,
,WAUKESHA - VILLAGE OF MENOMONEE FALLS - WARD 16,,3,,,3,2,
,WAUKESHA - VILLAGE OF MENOMONEE FALLS - WARD 17,,14,,,13,8,
,WAUKESHA - VILLAGE OF MENOMONEE FALLS - WARD 18,,15,1,2,21,7,
,WAUKESHA - VILLAGE OF MENOMONEE FALLS - WARD 19,,14,1,2,14,3,
,WAUKESHA - VILLAGE OF MENOMONEE FALLS - WARD 20,,19,,,18,9,
,WAUKESHA - VILLAGE OF MENOMONEE FALLS - WARD 21,,16,1,2,20,6,
,WAUKESHA - VILLAGE OF MENOMONEE FALLS - WARD 22,,4,,,4,3,
,WAUKESHA - VILLAGE OF MENOMONEE FALLS - WARD 23,,7,,,6,3,
,WAUKESHA - VILLAGE OF MENOMONEE FALLS - WARD 3,,3,,,3,2,
,WAUKESHA - VILLAGE OF MENOMONEE FALLS - WARD 4,,1,,,1,,
,WAUKESHA - VILLAGE OF MENOMONEE FALLS - WARD 5,,1,,,,1,
,WAUKESHA - VILLAGE OF MENOMONEE FALLS - WARD 6,,1,,,1,,
,WAUKESHA - VILLAGE OF MENOMONEE FALLS - WARD 7,,2,,,2,,
,WAUKESHA - VILLAGE OF MERTON - WARD 1,,1,1,,2,1,
,WAUKESHA - VILLAGE OF MERTON - WARD 4,,1,,,1,1,
,WAUKESHA - VILLAGE OF MUKWONAGO - WARD 9,,1,,,1,1,
,WAUKESHA - VILLAGE OF NASHOTAH - WARD 1,,2,,,2,,
,WAUKESHA - VILLAGE OF OCONOMOWOC LAKE - WARD 1,,2,,,3,1,
,WAUKESHA - VILLAGE OF PEWAUKEE - WARD 1,,2,,1,1,1,
,WAUKESHA - VILLAGE OF PEWAUKEE - WARD 5,,1,,,2,1,
,WAUKESHA - VILLAGE OF PEWAUKEE - WARD 8,,3,,,1,1,
,WAUKESHA - VILLAGE OF SUMMIT - WARD 1,,1,,,1,1,
,WAUKESHA - VILLAGE OF SUMMIT - WARD 2,,1,,,1,,
,WAUKESHA - VILLAGE OF SUSSEX - WARD 2,,3,,,4,2,
,WAUKESHA - VILLAGE OF SUSSEX - WARD 3,,4,,,2,,
,WAUKESHA - VILLAGE OF SUSSEX - WARD 4,,4,,,2,1,
,WAUKESHA - VILLAGE OF SUSSEX - WARD 6,,1,,,1,,
,WAUKESHA - VILLAGE OF SUSSEX - WARD 7,,1,,,1,1,
,WAUPACA - CITY OF MANAWA - WARD 3,,1,,,1,1,
,WAUPACA - CITY OF NEW LONDON - WARD 4,,1,,,1,,
,WAUPACA - CITY OF NEW LONDON - WARD 9,,1,,,1,,
,WAUPACA - CITY OF WAUPACA - WARD 9,,1,,,1,1,
,WAUPACA - TOWN OF FARMINGTON - WARD 4,,1,,,,,
,WAUPACA - TOWN OF MUKWA - WARD 5,,1,,,1,1,
,WAUSHARA - VILLAGE OF REDGRANITE - WARD 1,,,1,,1,,
,WINNEBAGO - CITY OF APPLETON - WARD 32,,,1,,1,1,
,WINNEBAGO - CITY OF MENASHA - WARD 10,,5,,,4,1,
,WINNEBAGO - CITY OF MENASHA - WARD 11,,2,,,2,,
,WINNEBAGO - CITY OF MENASHA - WARD 12,,4,,,3,1,
,WINNEBAGO - CITY OF MENASHA - WARD 13,,1,,,1,1,
,WINNEBAGO - CITY OF MENASHA - WARD 15,,2,,,2,,
,WINNEBAGO - CITY OF MENASHA - WARD 3,,,,,2,1,
,WINNEBAGO - CITY OF MENASHA - WARD 5A,,,,,1,1,
,WINNEBAGO - CITY OF MENASHA - WARD 8,,1,,,1,,
,WINNEBAGO - CITY OF MENASHA - WARD 9,,1,,,2,1,
,WINNEBAGO - CITY OF NEENAH - WARD 1,,3,,,4,2,
,WINNEBAGO - CITY OF NEENAH - WARD 12,,1,,,1,,
,WINNEBAGO - CITY OF NEENAH - WARD 13,,1,,,1,,
,WINNEBAGO - CITY OF NEENAH - WARD 15,,1,,,1,1,
,WINNEBAGO - CITY OF NEENAH - WARD 19,,,,,1,,
,WINNEBAGO - CITY OF NEENAH - WARD 20,,,,,1,1,
,WINNEBAGO - CITY OF NEENAH - WARD 21,,2,,,3,1,
,WINNEBAGO - CITY OF NEENAH - WARD 22,,1,,,1,,
,WINNEBAGO - CITY OF NEENAH - WARD 24,,1,,,2,1,
,WINNEBAGO - CITY OF NEENAH - WARD 5,,1,,,,,
,WINNEBAGO - CITY OF NEENAH - WARD 8,,,,,1,,
,WINNEBAGO - CITY OF OSHKOSH - WARD 1,,7,,,7,3,
,WINNEBAGO - CITY OF OSHKOSH - WARD 11,,2,,,2,2,
,WINNEBAGO - CITY OF OSHKOSH - WARD 12,,1,,,2,,
,WINNEBAGO - CITY OF OSHKOSH - WARD 13,,4,,,7,2,
,WINNEBAGO - CITY OF OSHKOSH - WARD 14,,2,,,2,,
,WINNEBAGO - CITY OF OSHKOSH - WARD 15,,3,,,6,4,
,WINNEBAGO - CITY OF OSHKOSH - WARD 16,,1,,,4,,
,WINNEBAGO - CITY OF OSHKOSH - WARD 17,,2,,,3,1,
,WINNEBAGO - CITY OF OSHKOSH - WARD 18,,4,1,,5,3,
,WINNEBAGO - CITY OF OSHKOSH - WARD 19,,6,,,11,1,
,WINNEBAGO - CITY OF OSHKOSH - WARD 2,,1,,,1,1,
,WINNEBAGO - CITY OF OSHKOSH - WARD 20,,3,,,1,,
,WINNEBAGO - CITY OF OSHKOSH - WARD 21,,4,,,6,2,
,WINNEBAGO - CITY OF OSHKOSH - WARD 22A,,8,1,1,11,3,
,WINNEBAGO - CITY OF OSHKOSH - WARD 23A,,2,,,2,1,
,WINNEBAGO - CITY OF OSHKOSH - WARD 25B,,2,,,2,2,
,WINNEBAGO - CITY OF OSHKOSH - WARD 26,,7,,,10,5,
,WINNEBAGO - CITY OF OSHKOSH - WARD 27,,3,,1,4,2,
,WINNEBAGO - CITY OF OSHKOSH - WARD 28A,,1,,,1,,
,WINNEBAGO - CITY OF OSHKOSH - WARD 29A,,6,,,6,1,
,WINNEBAGO - CITY OF OSHKOSH - WARD 31,,1,,,4,1,
,WINNEBAGO - CITY OF OSHKOSH - WARD 33,,1,,,1,1,
,WINNEBAGO - CITY OF OSHKOSH - WARD 5,,,,,1,1,
,WINNEBAGO - CITY OF OSHKOSH - WARD 6,,1,,,3,2,
,WINNEBAGO - CITY OF OSHKOSH - WARD 7,,2,,,2,,
,WINNEBAGO - CITY OF OSHKOSH - WARD 8,,2,,,2,1,
,WINNEBAGO - TOWN OF ALGOMA - WARD 1,,5,,,6,4,
,WINNEBAGO - TOWN OF ALGOMA - WARD 3,,,,,1,1,
,WINNEBAGO - TOWN OF ALGOMA - WARD 4,,2,,,2,,
,WINNEBAGO - TOWN OF ALGOMA - WARD 5,,1,,,1,1,
,WINNEBAGO - TOWN OF ALGOMA - WARD 6,,3,,,1,,
,WINNEBAGO - TOWN OF ALGOMA - WARD 7,,4,,,5,4,
,WINNEBAGO - TOWN OF ALGOMA - WARD 8,,2,,,,,
,WINNEBAGO - TOWN OF BLACK WOLF - WARD 2,,2,,,2,1,
,WINNEBAGO - TOWN OF CLAYTON - WARD 4,,,,,2,2,
,WINNEBAGO - TOWN OF CLAYTON-WARD 2,,1,,,1,1,
,WINNEBAGO - TOWN OF CLAYTON-WARD 3,,1,,,1,,
,WINNEBAGO - TOWN OF NEKIMI - WARD 2,,1,,,1,,
,WINNEBAGO - TOWN OF OMRO - WARD 3,,1,,,1,1,
,WINNEBAGO - TOWN OF OSHKOSH - WARD 2,,1,,,1,,
,WINNEBAGO - TOWN OF OSHKOSH - WARD 3,,1,1,,1,1,
,WINNEBAGO - VILLAGE OF FOX CROSSING - WARD 1,,7,,,7,6,
,WINNEBAGO - VILLAGE OF FOX CROSSING - WARD 10,,2,,1,5,1,
,WINNEBAGO - VILLAGE OF FOX CROSSING - WARD 11,,7,,,10,2,
,WINNEBAGO - VILLAGE OF FOX CROSSING - WARD 12,,,,,1,,
,WINNEBAGO - VILLAGE OF FOX CROSSING - WARD 13,,1,,,1,1,
,WINNEBAGO - VILLAGE OF FOX CROSSING - WARD 2,,1,,,1,,
,WINNEBAGO - VILLAGE OF FOX CROSSING - WARD 4,,3,,,3,2,
,WINNEBAGO - VILLAGE OF FOX CROSSING - WARD 5,,,,,1,,
,WINNEBAGO - VILLAGE OF FOX CROSSING - WARD 6,,1,,,1,1,
,WINNEBAGO - VILLAGE OF FOX CROSSING - WARD 7,,3,,,3,1,
,WINNEBAGO - VILLAGE OF FOX CROSSING - WARD 8,,2,,,4,2,
,WINNEBAGO - VILLAGE OF FOX CROSSING - WARD 9,,2,,,4,2,
,WINNEBAGO - VILLAGE OF WINNECONNE - WARD 3,,1,,,1,,
,WOOD - CITY OF MARSHFIELD - WARD 14,,1,,,,,
,WOOD - CITY OF MARSHFIELD - WARD 2,,3,,,2,,
,WOOD - CITY OF MARSHFIELD - WARD 22,,1,,,1,1,
,WOOD - CITY OF MARSHFIELD - WARD 3,,2,,,2,1,
,WOOD - CITY OF MARSHFIELD - WARD 4,,1,,1,1,1,
,WOOD - CITY OF MARSHFIELD - WARD 5,,,,,2,,
,WOOD - CITY OF MARSHFIELD - WARD 7,,1,,,1,,
,WOOD - CITY OF MARSHFIELD - WARD 9,,,,,2,2,
,WOOD - CITY OF WISCONSIN RAPIDS - WARD 1,,4,,,3,,
,WOOD - CITY OF WISCONSIN RAPIDS - WARD 11,,2,,,2,,
,WOOD - CITY OF WISCONSIN RAPIDS - WARD 12,,5,1,,5,3,
,WOOD - CITY OF WISCONSIN RAPIDS - WARD 13,,2,,,2,,
,WOOD - CITY OF WISCONSIN RAPIDS - WARD 14,,2,,,2,1,
,WOOD - CITY OF WISCONSIN RAPIDS - WARD 16,,,,,1,,
,WOOD - CITY OF WISCONSIN RAPIDS - WARD 17,,3,,,2,,
,WOOD - CITY OF WISCONSIN RAPIDS - WARD 20,,1,,,1,,
,WOOD - CITY OF WISCONSIN RAPIDS - WARD 21,,,,,1,,
,WOOD - CITY OF WISCONSIN RAPIDS - WARD 22,,1,,,1,1,
,WOOD - CITY OF WISCONSIN RAPIDS - WARD 3,,2,,,2,,
,WOOD - CITY OF WISCONSIN RAPIDS - WARD 4,,3,,1,3,,
,WOOD - CITY OF WISCONSIN RAPIDS - WARD 5,,1,,,1,1,
,WOOD - CITY OF WISCONSIN RAPIDS - WARD 8,,5,,,5,1,
,WOOD - TOWN OF GRAND RAPIDS - WARD 10,,2,,,2,,
,WOOD - TOWN OF GRAND RAPIDS - WARD 4,,1,,,1,,
,WOOD - TOWN OF GRAND RAPIDS - WARD 7,,2,,,1,1,
,WOOD - TOWN OF GRAND RAPIDS - WARD 8,,1,,,1,,
,WOOD - TOWN OF RUDOLPH - WARD 1,,,,,2,2,
,WOOD - TOWN OF SENECA - WARD 1,,1,,,1,,
,WOOD - TOWN OF SIGEL - WARD 1,,2,,,2,,
,WOOD - VILLAGE OF BIRON - WARD 1,,2,,,2,1,
,WOOD - VILLAGE OF PORT EDWARDS - WARD 2,,,,,1,,
